年度,日付,Q番号,科目,タイトル,問題,解答解説,種別,問題の種類,ローカルパス(問題),ローカルパス(解答),外部UID
2025,824,Q01,財務会計,2025_0824_Q01_財務_ 税効果会計_問題,https://drive.google.com/open?id=1Uclt0M9_tmgGazcyMNpThfOjqe4p-azm&usp=drive_fs,https://drive.google.com/open?id=1VtUNaFBuDPrcotiLRiD6mJc4LGv_rEf6&usp=drive_fs,問題,ChatGPT問題,/Users/odaakihisa/Library/CloudStorage/GoogleDrive-radioheadsyrup16g@gmail.com/マイドライブ/診断士試験/一次試験/問題・演習/chat gpt作成問題/財務会計/問題/2025_0824/2025_0824_Q01_財務_ 税効果会計_問題.txt,/Users/odaakihisa/Library/CloudStorage/GoogleDrive-radioheadsyrup16g@gmail.com/マイドライブ/診断士試験/一次試験/問題・演習/chat gpt作成問題/財務会計/答案解説/2025_0824/2025_0824_Q01_財務_ 税効果会計_解答.txt,2025-0824-財務会計-Q01
2025,824,Q02,財務会計,2025_0824_Q02_財務_ 税効果会計_問題,https://drive.google.com/open?id=1yNoMP83MG2iwgf9INDNeiG-BxgJ8iru8&usp=drive_fs,https://drive.google.com/open?id=15fsTVn_9fRX2WtMD_8XwHB0tVJx72NRv&usp=drive_fs,問題,ChatGPT問題,/Users/odaakihisa/Library/CloudStorage/GoogleDrive-radioheadsyrup16g@gmail.com/マイドライブ/診断士試験/一次試験/問題・演習/chat gpt作成問題/財務会計/問題/2025_0824/2025_0824_Q02_財務_ 税効果会計_問題.txt,/Users/odaakihisa/Library/CloudStorage/GoogleDrive-radioheadsyrup16g@gmail.com/マイドライブ/診断士試験/一次試験/問題・演習/chat gpt作成問題/財務会計/答案解説/2025_0824/2025_0824_Q02_財務_ 税効果会計_解答.txt,2025-0824-財務会計-Q02
2025,824,Q03,財務会計,2025_0824_Q03_財務_ 税効果会計_問題,https://drive.google.com/open?id=1R2YlRRUZQ0fDh-pa2CcqGLleo7OqYEhm&usp=drive_fs,https://drive.google.com/open?id=1kHdKXifbizqkcr0m4Q_adtqTuykAmkMS&usp=drive_fs,問題,ChatGPT問題,/Users/odaakihisa/Library/CloudStorage/GoogleDrive-radioheadsyrup16g@gmail.com/マイドライブ/診断士試験/一次試験/問題・演習/chat gpt作成問題/財務会計/問題/2025_0824/2025_0824_Q03_財務_ 税効果会計_問題.txt,/Users/odaakihisa/Library/CloudStorage/GoogleDrive-radioheadsyrup16g@gmail.com/マイドライブ/診断士試験/一次試験/問題・演習/chat gpt作成問題/財務会計/答案解説/2025_0824/2025_0824_Q03_財務_ 税効果会計_解答.txt,2025-0824-財務会計-Q03
2025,824,Q04,財務会計,2025_0824_Q04_財務_ 税効果会計_問題,https://drive.google.com/open?id=1cBrjytTHI9cze4evPkImbvfPvNBVh7K5&usp=drive_fs,https://drive.google.com/open?id=1zCHo8WZ6VBFKQ3el9F3pAiLJ2PJRvFvG&usp=drive_fs,問題,ChatGPT問題,/Users/odaakihisa/Library/CloudStorage/GoogleDrive-radioheadsyrup16g@gmail.com/マイドライブ/診断士試験/一次試験/問題・演習/chat gpt作成問題/財務会計/問題/2025_0824/2025_0824_Q04_財務_ 税効果会計_問題.txt,/Users/odaakihisa/Library/CloudStorage/GoogleDrive-radioheadsyrup16g@gmail.com/マイドライブ/診断士試験/一次試験/問題・演習/chat gpt作成問題/財務会計/答案解説/2025_0824/2025_0824_Q04_財務_ 税効果会計_解答.txt,2025-0824-財務会計-Q04
2025,824,Q05,財務会計,2025_0824_Q05_財務_ 税効果会計_問題,https://drive.google.com/open?id=1dzpz9FUr3uACNVao5zHQy8c_AZXtpkla&usp=drive_fs,https://drive.google.com/open?id=1rvsnT7Ts0_v7VVvNfmgnFrnJGkIAysxp&usp=drive_fs,問題,ChatGPT問題,/Users/odaakihisa/Library/CloudStorage/GoogleDrive-radioheadsyrup16g@gmail.com/マイドライブ/診断士試験/一次試験/問題・演習/chat gpt作成問題/財務会計/問題/2025_0824/2025_0824_Q05_財務_ 税効果会計_問題.txt,/Users/odaakihisa/Library/CloudStorage/GoogleDrive-radioheadsyrup16g@gmail.com/マイドライブ/診断士試験/一次試験/問題・演習/chat gpt作成問題/財務会計/答案解説/2025_0824/2025_0824_Q05_財務_ 税効果会計_解答.txt,2025-0824-財務会計-Q05
2025,824,Q06,財務会計,2025_0824_Q06_財務_ 税効果会計_問題,https://drive.google.com/open?id=1NsuPjEzRCOYuNIYjy60YCyarGxGl1rEx&usp=drive_fs,https://drive.google.com/open?id=1SJ6M9SNxypT3Q6EbnLIjVdbif7ajBrvb&usp=drive_fs,問題,ChatGPT問題,/Users/odaakihisa/Library/CloudStorage/GoogleDrive-radioheadsyrup16g@gmail.com/マイドライブ/診断士試験/一次試験/問題・演習/chat gpt作成問題/財務会計/問題/2025_0824/2025_0824_Q06_財務_ 税効果会計_問題.txt,/Users/odaakihisa/Library/CloudStorage/GoogleDrive-radioheadsyrup16g@gmail.com/マイドライブ/診断士試験/一次試験/問題・演習/chat gpt作成問題/財務会計/答案解説/2025_0824/2025_0824_Q06_財務_ 税効果会計_解答.txt,2025-0824-財務会計-Q06
2025,825,Q07,財務会計,2025_0825_Q07_財務_ 税効果会計_純増減額_問題,https://drive.google.com/open?id=1zfsetrXFHEkyccjunPF4JyEhwVfLrKEI&usp=drive_fs,https://drive.google.com/open?id=1lUlEVXotFMCFnU2YoZRs7WcT1D_sOFeU&usp=drive_fs,問題,ChatGPT問題,/Users/odaakihisa/Library/CloudStorage/GoogleDrive-radioheadsyrup16g@gmail.com/マイドライブ/診断士試験/一次試験/問題・演習/chat gpt作成問題/財務会計/問題/2025_0825/2025_0825_Q07_財務_ 税効果会計_純増減額_問題.txt,/Users/odaakihisa/Library/CloudStorage/GoogleDrive-radioheadsyrup16g@gmail.com/マイドライブ/診断士試験/一次試験/問題・演習/chat gpt作成問題/財務会計/答案解説/2025_0825/2025_0825_Q07_財務_税効果会計_解答.txt,2025-0825-財務会計-Q07
2025,825,Q08,財務会計,2025_0825_Q08_財務_税効果会計_純増減額_問題,https://drive.google.com/open?id=1tnkQTFCkolhbL7gEhjkko6eUolcfa9BS&usp=drive_fs,https://drive.google.com/open?id=1r9wg0oJGRMTZk8TV3F7cK6H_CRX4Ruo-&usp=drive_fs,問題,ChatGPT問題,/Users/odaakihisa/Library/CloudStorage/GoogleDrive-radioheadsyrup16g@gmail.com/マイドライブ/診断士試験/一次試験/問題・演習/chat gpt作成問題/財務会計/問題/2025_0825/2025_0825_Q08_財務_税効果会計_純増減額_問題.txt,/Users/odaakihisa/Library/CloudStorage/GoogleDrive-radioheadsyrup16g@gmail.com/マイドライブ/診断士試験/一次試験/問題・演習/chat gpt作成問題/財務会計/答案解説/2025_0825/2025_0825_Q08_財務_税効果会計_解答.txt,2025-0825-財務会計-Q08
2025,825,Q09,財務会計,2025_0825_Q09_財務_税効果会計_純減額_問題,https://drive.google.com/open?id=1RErlY17UEK2rbTn3iwmypjJZbVynPTp7&usp=drive_fs,https://drive.google.com/open?id=1ZxkLBVH_3oAUx08CGddM4dSlg29WEzWg&usp=drive_fs,問題,ChatGPT問題,/Users/odaakihisa/Library/CloudStorage/GoogleDrive-radioheadsyrup16g@gmail.com/マイドライブ/診断士試験/一次試験/問題・演習/chat gpt作成問題/財務会計/問題/2025_0825/2025_0825_Q09_財務_税効果会計_純減額_問題.txt,/Users/odaakihisa/Library/CloudStorage/GoogleDrive-radioheadsyrup16g@gmail.com/マイドライブ/診断士試験/一次試験/問題・演習/chat gpt作成問題/財務会計/答案解説/2025_0825/2025_0825_Q09_財務_税効果会計_純増減額_解答.txt,2025-0825-財務会計-Q09
2025,825,Q10,財務会計,2025_0825_Q10_財務_税効果会計_純増減額_問題,https://drive.google.com/open?id=1pW8nsQUOAaHkphDOFgDCiiVd_zdQK6lO&usp=drive_fs,https://drive.google.com/open?id=1l1siomeknWyxU-jFcB3NITCznuGRwV1k&usp=drive_fs,問題,ChatGPT問題,/Users/odaakihisa/Library/CloudStorage/GoogleDrive-radioheadsyrup16g@gmail.com/マイドライブ/診断士試験/一次試験/問題・演習/chat gpt作成問題/財務会計/問題/2025_0825/2025_0825_Q10_財務_税効果会計_純増減額_問題.txt,/Users/odaakihisa/Library/CloudStorage/GoogleDrive-radioheadsyrup16g@gmail.com/マイドライブ/診断士試験/一次試験/問題・演習/chat gpt作成問題/財務会計/答案解説/2025_0825/2025_0825_Q10_財務_税効果会計_純増減額_解答.txt,2025-0825-財務会計-Q10
2025,825,Q11,財務会計,2025_0825_Q11_財務_税効果会計_問題,https://drive.google.com/open?id=1NaOrKlw8_tHB9J-2swU3KKvGg-lTpMdi&usp=drive_fs,https://drive.google.com/open?id=1aZopdIsTPM8tORGkWe4Jx2BZZrVE_eQu&usp=drive_fs,問題,ChatGPT問題,/Users/odaakihisa/Library/CloudStorage/GoogleDrive-radioheadsyrup16g@gmail.com/マイドライブ/診断士試験/一次試験/問題・演習/chat gpt作成問題/財務会計/問題/2025_0825/2025_0825_Q11_財務_税効果会計_問題.txt,/Users/odaakihisa/Library/CloudStorage/GoogleDrive-radioheadsyrup16g@gmail.com/マイドライブ/診断士試験/一次試験/問題・演習/chat gpt作成問題/財務会計/答案解説/2025_0825/2025_0825_Q11_財務_税効果会計_純増減額_解答.txt,2025-0825-財務会計-Q11
2025,825,Q12,財務会計,2025_0825_Q12_財務_税効果会計_問題,https://drive.google.com/open?id=1MmMAA596mv72FUrKSm0C_8mQnvDB_3oa&usp=drive_fs,https://drive.google.com/open?id=1bgoNJPjsB3GipS0JkqBzY4OzYaEy-w07&usp=drive_fs,問題,ChatGPT問題,/Users/odaakihisa/Library/CloudStorage/GoogleDrive-radioheadsyrup16g@gmail.com/マイドライブ/診断士試験/一次試験/問題・演習/chat gpt作成問題/財務会計/問題/2025_0825/2025_0825_Q12_財務_税効果会計_問題.txt,/Users/odaakihisa/Library/CloudStorage/GoogleDrive-radioheadsyrup16g@gmail.com/マイドライブ/診断士試験/一次試験/問題・演習/chat gpt作成問題/財務会計/答案解説/2025_0825/2025_0825_Q12_財務_税効果会計_解答.txt,2025-0825-財務会計-Q12
2025,825,Q13,財務会計,2025_0825_Q13_財務_税効果会計_問題,https://drive.google.com/open?id=1aSr8u4akH1qqyAe2L54UT89XhgS0pXD6&usp=drive_fs,https://drive.google.com/open?id=13-vtsdXF9Sk3CdMuUQ1yv28nzXIrwS1G&usp=drive_fs,問題,ChatGPT問題,/Users/odaakihisa/Library/CloudStorage/GoogleDrive-radioheadsyrup16g@gmail.com/マイドライブ/診断士試験/一次試験/問題・演習/chat gpt作成問題/財務会計/問題/2025_0825/2025_0825_Q13_財務_税効果会計_問題.txt,/Users/odaakihisa/Library/CloudStorage/GoogleDrive-radioheadsyrup16g@gmail.com/マイドライブ/診断士試験/一次試験/問題・演習/chat gpt作成問題/財務会計/答案解説/2025_0825/2025_0825_Q13_財務_税効果会計_解答.txt,2025-0825-財務会計-Q13
2025,825,Q14,財務会計,2025_0825_Q14_財務_税効果会計_問題,https://drive.google.com/open?id=1NwsOLpes2wOIg5aykd4AjVIDMBLYaV1o&usp=drive_fs,https://drive.google.com/open?id=1tsc300OkxzUE2NHCE-NOMf-BrzSjElG2&usp=drive_fs,問題,ChatGPT問題,/Users/odaakihisa/Library/CloudStorage/GoogleDrive-radioheadsyrup16g@gmail.com/マイドライブ/診断士試験/一次試験/問題・演習/chat gpt作成問題/財務会計/問題/2025_0825/2025_0825_Q14_財務_税効果会計_問題.txt,/Users/odaakihisa/Library/CloudStorage/GoogleDrive-radioheadsyrup16g@gmail.com/マイドライブ/診断士試験/一次試験/問題・演習/chat gpt作成問題/財務会計/答案解説/2025_0825/2025_0825_Q14_財務_税効果会計_解答.txt,2025-0825-財務会計-Q14
2025,825,Q15,財務会計,2025_0825_Q15_財務_税効果会計_問題,https://drive.google.com/open?id=1zsTRdcGu_q1n1XapTL3eA9NeUBRjGfA_&usp=drive_fs,https://drive.google.com/open?id=1DTZPybrvxCqj6rKP7l2iVEYfytwVwDFG&usp=drive_fs,問題,ChatGPT問題,/Users/odaakihisa/Library/CloudStorage/GoogleDrive-radioheadsyrup16g@gmail.com/マイドライブ/診断士試験/一次試験/問題・演習/chat gpt作成問題/財務会計/問題/2025_0825/2025_0825_Q15_財務_税効果会計_問題.txt,/Users/odaakihisa/Library/CloudStorage/GoogleDrive-radioheadsyrup16g@gmail.com/マイドライブ/診断士試験/一次試験/問題・演習/chat gpt作成問題/財務会計/答案解説/2025_0825/2025_0825_Q15_財務_税効果会計_解答.txt,2025-0825-財務会計-Q15
2025,825,Q16,財務会計,2025_0825_Q16_財務_税効果会計_問題,https://drive.google.com/open?id=10qKIk1sLoiKLSl-ReCRMPaQdsCn5bynP&usp=drive_fs,https://drive.google.com/open?id=1-R3IHwcPDozu6UQy1184T2rH8-uRGjw4&usp=drive_fs,問題,ChatGPT問題,/Users/odaakihisa/Library/CloudStorage/GoogleDrive-radioheadsyrup16g@gmail.com/マイドライブ/診断士試験/一次試験/問題・演習/chat gpt作成問題/財務会計/問題/2025_0825/2025_0825_Q16_財務_税効果会計_問題.txt,/Users/odaakihisa/Library/CloudStorage/GoogleDrive-radioheadsyrup16g@gmail.com/マイドライブ/診断士試験/一次試験/問題・演習/chat gpt作成問題/財務会計/答案解説/2025_0825/2025_0825_Q16_財務_税効果会計_解答.txt,2025-0825-財務会計-Q16
2025,825,Q17,財務会計,2025_0825_Q17_財務_税効果会計_問題,https://drive.google.com/open?id=1qVoARf07WhT2ia3gRQ8yhRR7yHu60Yvo&usp=drive_fs,https://drive.google.com/open?id=1n4k1cnN8NQgJiSPdxV1IqQZDJESwrJ0d&usp=drive_fs,問題,ChatGPT問題,/Users/odaakihisa/Library/CloudStorage/GoogleDrive-radioheadsyrup16g@gmail.com/マイドライブ/診断士試験/一次試験/問題・演習/chat gpt作成問題/財務会計/問題/2025_0825/2025_0825_Q17_財務_税効果会計_問題.txt,/Users/odaakihisa/Library/CloudStorage/GoogleDrive-radioheadsyrup16g@gmail.com/マイドライブ/診断士試験/一次試験/問題・演習/chat gpt作成問題/財務会計/答案解説/2025_0825/2025_0825_Q17_財務_税効果会計_解答.txt,2025-0825-財務会計-Q17
2025,825,Q18,財務会計,2025_0825_Q18_財務_税効果会計_問題,https://drive.google.com/open?id=1r7Jm01-Fcl-0mKxnWAUI_Mu1KRVhKWVn&usp=drive_fs,https://drive.google.com/open?id=11ybcAYde5LGVQKOF2J54l-RSV0GIcQtj&usp=drive_fs,問題,ChatGPT問題,/Users/odaakihisa/Library/CloudStorage/GoogleDrive-radioheadsyrup16g@gmail.com/マイドライブ/診断士試験/一次試験/問題・演習/chat gpt作成問題/財務会計/問題/2025_0825/2025_0825_Q18_財務_税効果会計_問題.txt,/Users/odaakihisa/Library/CloudStorage/GoogleDrive-radioheadsyrup16g@gmail.com/マイドライブ/診断士試験/一次試験/問題・演習/chat gpt作成問題/財務会計/答案解説/2025_0825/2025_0825_Q18_財務_税効果会計_解答.txt,2025-0825-財務会計-Q18
2025,825,Q19,財務会計,2025_0825_Q19_財務_税効果会計_問題,https://drive.google.com/open?id=1lUKZN6G3HhO1kuQYOvOmXB_Z2UzzU3TN&usp=drive_fs,https://drive.google.com/open?id=1dsDskBuiT4YRwlsvLRIWmyOUYzZQKHBg&usp=drive_fs,問題,ChatGPT問題,/Users/odaakihisa/Library/CloudStorage/GoogleDrive-radioheadsyrup16g@gmail.com/マイドライブ/診断士試験/一次試験/問題・演習/chat gpt作成問題/財務会計/問題/2025_0825/2025_0825_Q19_財務_税効果会計_問題.txt,/Users/odaakihisa/Library/CloudStorage/GoogleDrive-radioheadsyrup16g@gmail.com/マイドライブ/診断士試験/一次試験/問題・演習/chat gpt作成問題/財務会計/答案解説/2025_0825/2025_0825_Q19_財務_税効果会計_解答.txt,2025-0825-財務会計-Q19
2025,825,Q20,財務会計,2025_0825_Q20_財務_税効果会計_問題,https://drive.google.com/open?id=1Cy3w4IeMAusFXuCYXF4Fmd50wK9Etx-T&usp=drive_fs,https://drive.google.com/open?id=1j3ZmqdAm7KeDJ3LpYgvuQVQi8we-KpIg&usp=drive_fs,問題,ChatGPT問題,/Users/odaakihisa/Library/CloudStorage/GoogleDrive-radioheadsyrup16g@gmail.com/マイドライブ/診断士試験/一次試験/問題・演習/chat gpt作成問題/財務会計/問題/2025_0825/2025_0825_Q20_財務_税効果会計_問題.txt,/Users/odaakihisa/Library/CloudStorage/GoogleDrive-radioheadsyrup16g@gmail.com/マイドライブ/診断士試験/一次試験/問題・演習/chat gpt作成問題/財務会計/答案解説/2025_0825/2025_0825_Q20_財務_税効果会計_解答.txt,2025-0825-財務会計-Q20
2025,825,Q21,財務会計,2025_0825_Q21_財務_税効果会計_問題,https://drive.google.com/open?id=11MEWQ6DJ-ut1MVgKYDsd6pfo7ugRVnIp&usp=drive_fs,https://drive.google.com/open?id=1D1SVjWwaHuvTv6VBx7Z34MPbHlduK2vH&usp=drive_fs,問題,ChatGPT問題,/Users/odaakihisa/Library/CloudStorage/GoogleDrive-radioheadsyrup16g@gmail.com/マイドライブ/診断士試験/一次試験/問題・演習/chat gpt作成問題/財務会計/問題/2025_0825/2025_0825_Q21_財務_税効果会計_問題.txt,/Users/odaakihisa/Library/CloudStorage/GoogleDrive-radioheadsyrup16g@gmail.com/マイドライブ/診断士試験/一次試験/問題・演習/chat gpt作成問題/財務会計/答案解説/2025_0825/2025_0825_Q21_財務_税効果会計_解答.txt,2025-0825-財務会計-Q21
2025,825,Q22,財務会計,2025_0825_Q22_財務_税効果会計_問題,https://drive.google.com/open?id=1TeySxy1ApXrkXgtDhS-yJZ52fIu4xm0-&usp=drive_fs,https://drive.google.com/open?id=1IfgEbts1z4K1PtNpAlTX7zzFOvPD2SHA&usp=drive_fs,問題,ChatGPT問題,/Users/odaakihisa/Library/CloudStorage/GoogleDrive-radioheadsyrup16g@gmail.com/マイドライブ/診断士試験/一次試験/問題・演習/chat gpt作成問題/財務会計/問題/2025_0825/2025_0825_Q22_財務_税効果会計_問題.txt,/Users/odaakihisa/Library/CloudStorage/GoogleDrive-radioheadsyrup16g@gmail.com/マイドライブ/診断士試験/一次試験/問題・演習/chat gpt作成問題/財務会計/答案解説/2025_0825/2025_0825_Q22_財務_税効果会計_解答.txt,2025-0825-財務会計-Q22
2025,825,Q23,財務会計,2025_0825_Q23_財務_税効果会計_問題,https://drive.google.com/open?id=1HNl_ZjNibvsHhzqoF_Iw_wNboY610HYv&usp=drive_fs,https://drive.google.com/open?id=1DspoHp58KTGAnUia_sdFLFMsfQhz4Apc&usp=drive_fs,問題,ChatGPT問題,/Users/odaakihisa/Library/CloudStorage/GoogleDrive-radioheadsyrup16g@gmail.com/マイドライブ/診断士試験/一次試験/問題・演習/chat gpt作成問題/財務会計/問題/2025_0825/2025_0825_Q23_財務_税効果会計_問題.txt,/Users/odaakihisa/Library/CloudStorage/GoogleDrive-radioheadsyrup16g@gmail.com/マイドライブ/診断士試験/一次試験/問題・演習/chat gpt作成問題/財務会計/答案解説/2025_0825/2025_0825_Q23_財務_税効果会計_解答.txt,2025-0825-財務会計-Q23
2025,825,Q24,財務会計,2025_0825_Q24_財務_税効果会計_問題,https://drive.google.com/open?id=1zZUXGjUGs3RQhTS2XBeTg39iHxJrZVAq&usp=drive_fs,https://drive.google.com/open?id=1-c4MhzxUCPCfOjBuN64ylDcDVL1oLgQu&usp=drive_fs,問題,ChatGPT問題,/Users/odaakihisa/Library/CloudStorage/GoogleDrive-radioheadsyrup16g@gmail.com/マイドライブ/診断士試験/一次試験/問題・演習/chat gpt作成問題/財務会計/問題/2025_0825/2025_0825_Q24_財務_税効果会計_問題.txt,/Users/odaakihisa/Library/CloudStorage/GoogleDrive-radioheadsyrup16g@gmail.com/マイドライブ/診断士試験/一次試験/問題・演習/chat gpt作成問題/財務会計/答案解説/2025_0825/2025_0825_Q24_財務_税効果会計_解答.txt,2025-0825-財務会計-Q24
2025,825,Q25,財務会計,2025_0825_Q25_財務_税効果会計_問題,https://drive.google.com/open?id=1V29Kh4LhyrUYLnOBaNSaENwV0u4T5qYe&usp=drive_fs,https://drive.google.com/open?id=1tg898D7tW37Ipn4c_xwlUlnhiksj6J4u&usp=drive_fs,問題,ChatGPT問題,/Users/odaakihisa/Library/CloudStorage/GoogleDrive-radioheadsyrup16g@gmail.com/マイドライブ/診断士試験/一次試験/問題・演習/chat gpt作成問題/財務会計/問題/2025_0825/2025_0825_Q25_財務_税効果会計_問題.txt,/Users/odaakihisa/Library/CloudStorage/GoogleDrive-radioheadsyrup16g@gmail.com/マイドライブ/診断士試験/一次試験/問題・演習/chat gpt作成問題/財務会計/答案解説/2025_0825/2025_0825_Q25_財務_税効果会計_解答.txt,2025-0825-財務会計-Q25
2025,825,Q26,財務会計,2025_0825_Q26_財務_税効果会計_問題,https://drive.google.com/open?id=1Ww8hnSfy23MhgTM7gvm4LGTMgCUb_IYQ&usp=drive_fs,https://drive.google.com/open?id=1edyaIeK_jT-FCKAqF0BTIl9obZb8DAw5&usp=drive_fs,問題,ChatGPT問題,/Users/odaakihisa/Library/CloudStorage/GoogleDrive-radioheadsyrup16g@gmail.com/マイドライブ/診断士試験/一次試験/問題・演習/chat gpt作成問題/財務会計/問題/2025_0825/2025_0825_Q26_財務_税効果会計_問題.txt,/Users/odaakihisa/Library/CloudStorage/GoogleDrive-radioheadsyrup16g@gmail.com/マイドライブ/診断士試験/一次試験/問題・演習/chat gpt作成問題/財務会計/答案解説/2025_0825/2025_0825_Q26_財務_税効果会計_解答.txt,2025-0825-財務会計-Q26
2025,825,Q27,財務会計,2025_0825_Q27_財務_税効果会計_問題,https://drive.google.com/open?id=1OBMzE7-AIKpYNTJmRjmC8l47a3mfNjr-&usp=drive_fs,https://drive.google.com/open?id=1HWbxxgflAV3sfGF55ExPpj1CsbzRzY56&usp=drive_fs,問題,ChatGPT問題,/Users/odaakihisa/Library/CloudStorage/GoogleDrive-radioheadsyrup16g@gmail.com/マイドライブ/診断士試験/一次試験/問題・演習/chat gpt作成問題/財務会計/問題/2025_0825/2025_0825_Q27_財務_税効果会計_問題.txt,/Users/odaakihisa/Library/CloudStorage/GoogleDrive-radioheadsyrup16g@gmail.com/マイドライブ/診断士試験/一次試験/問題・演習/chat gpt作成問題/財務会計/答案解説/2025_0825/2025_0825_Q27_財務_税効果会計_解答.txt,2025-0825-財務会計-Q27
2025,825,Q28,財務会計,2025_0825_Q28_財務_税効果会計_問題,https://drive.google.com/open?id=1tFzTc83TM_NE4c-sxFoSfZdZLFX7ES7A&usp=drive_fs,https://drive.google.com/open?id=1nJ8VZtSMUtWT0NDYIOleFU6KphpDttVA&usp=drive_fs,問題,ChatGPT問題,/Users/odaakihisa/Library/CloudStorage/GoogleDrive-radioheadsyrup16g@gmail.com/マイドライブ/診断士試験/一次試験/問題・演習/chat gpt作成問題/財務会計/問題/2025_0825/2025_0825_Q28_財務_税効果会計_問題.txt,/Users/odaakihisa/Library/CloudStorage/GoogleDrive-radioheadsyrup16g@gmail.com/マイドライブ/診断士試験/一次試験/問題・演習/chat gpt作成問題/財務会計/答案解説/2025_0825/2025_0825_Q28_財務_税効果会計_解答.txt,2025-0825-財務会計-Q28
2025,825,Q29,財務会計,2025_0825_Q29_財務_税効果会計_問題,https://drive.google.com/open?id=1Qicc9mUbdhjs3zBuABqJqY0w3ssRG0ki&usp=drive_fs,https://drive.google.com/open?id=11gyLuHeshoptLvfbg3_mbRjRhznIYfhU&usp=drive_fs,問題,ChatGPT問題,/Users/odaakihisa/Library/CloudStorage/GoogleDrive-radioheadsyrup16g@gmail.com/マイドライブ/診断士試験/一次試験/問題・演習/chat gpt作成問題/財務会計/問題/2025_0825/2025_0825_Q29_財務_税効果会計_問題.txt,/Users/odaakihisa/Library/CloudStorage/GoogleDrive-radioheadsyrup16g@gmail.com/マイドライブ/診断士試験/一次試験/問題・演習/chat gpt作成問題/財務会計/答案解説/2025_0825/2025_0825_Q29_財務_税効果会計_解答.txt,2025-0825-財務会計-Q29
2025,825,Q30,財務会計,2025_0825_Q30_財務_税効果会計_問題,https://drive.google.com/open?id=1g5mKmIQjuwEAObUm3AGJxpELx50oXYQX&usp=drive_fs,https://drive.google.com/open?id=1AsFuWoVz6ujV1wVfqU5sB0eljtYUZyV3&usp=drive_fs,問題,ChatGPT問題,/Users/odaakihisa/Library/CloudStorage/GoogleDrive-radioheadsyrup16g@gmail.com/マイドライブ/診断士試験/一次試験/問題・演習/chat gpt作成問題/財務会計/問題/2025_0825/2025_0825_Q30_財務_税効果会計_問題.txt,/Users/odaakihisa/Library/CloudStorage/GoogleDrive-radioheadsyrup16g@gmail.com/マイドライブ/診断士試験/一次試験/問題・演習/chat gpt作成問題/財務会計/答案解説/2025_0825/2025_0825_Q30_財務_税効果会計_解答.txt,2025-0825-財務会計-Q30
2025,831,Q01,財務会計,2025_0831_Q01_財務_NPV_問題,https://drive.google.com/open?id=15oHnddd4xkI-CQ8XDW2DVEwC9BMsSPD_&usp=drive_fs,https://drive.google.com/open?id=1CDc1wgOtJS9NohKbw3dSwHXB2V-olYzV&usp=drive_fs,問題,ChatGPT問題,/Users/odaakihisa/Library/CloudStorage/GoogleDrive-radioheadsyrup16g@gmail.com/マイドライブ/診断士試験/一次試験/問題・演習/chat gpt作成問題/財務会計/問題/2025_0831/2025_0831_Q01_財務_NPV_問題.txt,/Users/odaakihisa/Library/CloudStorage/GoogleDrive-radioheadsyrup16g@gmail.com/マイドライブ/診断士試験/一次試験/問題・演習/chat gpt作成問題/財務会計/答案解説/2025_0831/2025_0831_Q01_財務_NPV_解答.txt,2025-0831-財務会計-Q01
2025,831,Q02,財務会計,2025_0831_Q02_財務_NPV_問題,https://drive.google.com/open?id=1a5x1hCyhGaT33DxNpVYAWVlRpW35jPxp&usp=drive_fs,https://drive.google.com/open?id=1JNF59ytzUh-tLDiczp1iGKl5Mw4MjfEV&usp=drive_fs,問題,ChatGPT問題,/Users/odaakihisa/Library/CloudStorage/GoogleDrive-radioheadsyrup16g@gmail.com/マイドライブ/診断士試験/一次試験/問題・演習/chat gpt作成問題/財務会計/問題/2025_0831/2025_0831_Q02_財務_NPV_問題.txt,/Users/odaakihisa/Library/CloudStorage/GoogleDrive-radioheadsyrup16g@gmail.com/マイドライブ/診断士試験/一次試験/問題・演習/chat gpt作成問題/財務会計/答案解説/2025_0831/2025_0831_Q02_財務_NPV_解答.txt,2025-0831-財務会計-Q02
2025,831,Q03,財務会計,2025_0831_Q03_財務_NPV_問題,https://drive.google.com/open?id=1e3XmmoeqPprlWfZZw2SgvHFmOEGR7w3J&usp=drive_fs,https://drive.google.com/open?id=1lD91w8kGBXvsjJ3REYVD8ekLtgpwrWoO&usp=drive_fs,問題,ChatGPT問題,/Users/odaakihisa/Library/CloudStorage/GoogleDrive-radioheadsyrup16g@gmail.com/マイドライブ/診断士試験/一次試験/問題・演習/chat gpt作成問題/財務会計/問題/2025_0831/2025_0831_Q03_財務_NPV_問題.txt,/Users/odaakihisa/Library/CloudStorage/GoogleDrive-radioheadsyrup16g@gmail.com/マイドライブ/診断士試験/一次試験/問題・演習/chat gpt作成問題/財務会計/答案解説/2025_0831/2025_0831_Q03_財務_NPV_解答.txt,2025-0831-財務会計-Q03
2025,831,Q04,財務会計,2025_0831_Q04_財務_NPV_問題,https://drive.google.com/open?id=1MbIWfm42m7YFpwoDZ9MwBiTFkqFZTBUM&usp=drive_fs,https://drive.google.com/open?id=1fgadlTUhr97mwpOgSHvuu014B5Q74GTX&usp=drive_fs,問題,ChatGPT問題,/Users/odaakihisa/Library/CloudStorage/GoogleDrive-radioheadsyrup16g@gmail.com/マイドライブ/診断士試験/一次試験/問題・演習/chat gpt作成問題/財務会計/問題/2025_0831/2025_0831_Q04_財務_NPV_問題.txt,/Users/odaakihisa/Library/CloudStorage/GoogleDrive-radioheadsyrup16g@gmail.com/マイドライブ/診断士試験/一次試験/問題・演習/chat gpt作成問題/財務会計/答案解説/2025_0831/2025_0831_Q04_財務_NPV_解答.txt,2025-0831-財務会計-Q04
2025,831,Q05,財務会計,2025_0831_Q05_財務_NPV_問題,https://drive.google.com/open?id=1beX74t3CeUHdCeF9uWln21exBsaD5VpK&usp=drive_fs,https://drive.google.com/open?id=1jIkTuxszEQCCv5AhnadtNBf9uJsoL-S0&usp=drive_fs,問題,ChatGPT問題,/Users/odaakihisa/Library/CloudStorage/GoogleDrive-radioheadsyrup16g@gmail.com/マイドライブ/診断士試験/一次試験/問題・演習/chat gpt作成問題/財務会計/問題/2025_0831/2025_0831_Q05_財務_NPV_問題.txt,/Users/odaakihisa/Library/CloudStorage/GoogleDrive-radioheadsyrup16g@gmail.com/マイドライブ/診断士試験/一次試験/問題・演習/chat gpt作成問題/財務会計/答案解説/2025_0831/2025_0831_Q05_財務_NPV_解答.txt,2025-0831-財務会計-Q05
2025,831,Q06,財務会計,2025_0831_Q06_財務_NPV_問題,https://drive.google.com/open?id=1-LpdxFWtkVhNtLtyWa-bL7ylGgze-3p3&usp=drive_fs,https://drive.google.com/open?id=13SPKgQI9jzXadHrblkFadvyBwhDq2MY-&usp=drive_fs,問題,ChatGPT問題,/Users/odaakihisa/Library/CloudStorage/GoogleDrive-radioheadsyrup16g@gmail.com/マイドライブ/診断士試験/一次試験/問題・演習/chat gpt作成問題/財務会計/問題/2025_0831/2025_0831_Q06_財務_NPV_問題.txt,/Users/odaakihisa/Library/CloudStorage/GoogleDrive-radioheadsyrup16g@gmail.com/マイドライブ/診断士試験/一次試験/問題・演習/chat gpt作成問題/財務会計/答案解説/2025_0831/2025_0831_Q06_財務_NPV_解答.txt,2025-0831-財務会計-Q06
2025,831,Q07,財務会計,2025_0831_Q07_財務_WACC_問題,https://drive.google.com/open?id=1xrHL0oYNAsG9mLsca6oNeszlJ4rpMhP0&usp=drive_fs,https://drive.google.com/open?id=1oAwbArwfOhpGkPXJaG72SWs67hUAKjoT&usp=drive_fs,問題,ChatGPT問題,/Users/odaakihisa/Library/CloudStorage/GoogleDrive-radioheadsyrup16g@gmail.com/マイドライブ/診断士試験/一次試験/問題・演習/chat gpt作成問題/財務会計/問題/2025_0831/2025_0831_Q07_財務_WACC_問題.txt,/Users/odaakihisa/Library/CloudStorage/GoogleDrive-radioheadsyrup16g@gmail.com/マイドライブ/診断士試験/一次試験/問題・演習/chat gpt作成問題/財務会計/答案解説/2025_0831/2025_0831_Q07_財務_WACC_解答.txt,2025-0831-財務会計-Q07
2025,831,Q08,財務会計,2025_0831_Q08_財務_WACC_問題,https://drive.google.com/open?id=17gccfx1uWwRT76jo9kuj7z-PGz8oWM_c&usp=drive_fs,https://drive.google.com/open?id=1uZn1eqcjT7AxAH_jEiL4CvMG8OvRH_Va&usp=drive_fs,問題,ChatGPT問題,/Users/odaakihisa/Library/CloudStorage/GoogleDrive-radioheadsyrup16g@gmail.com/マイドライブ/診断士試験/一次試験/問題・演習/chat gpt作成問題/財務会計/問題/2025_0831/2025_0831_Q08_財務_WACC_問題.txt,/Users/odaakihisa/Library/CloudStorage/GoogleDrive-radioheadsyrup16g@gmail.com/マイドライブ/診断士試験/一次試験/問題・演習/chat gpt作成問題/財務会計/答案解説/2025_0831/2025_0831_Q08_財務_WACC_解答.txt,2025-0831-財務会計-Q08
2025,831,Q09,財務会計,2025_0831_Q09_財務_NPV_問題,https://drive.google.com/open?id=1o82V9AZJbVpzahkSe3E7qXMKiFUwEzvp&usp=drive_fs,https://drive.google.com/open?id=1GNlYpCCBE7sdEp6mcbppYVRw6neWRSZR&usp=drive_fs,問題,ChatGPT問題,/Users/odaakihisa/Library/CloudStorage/GoogleDrive-radioheadsyrup16g@gmail.com/マイドライブ/診断士試験/一次試験/問題・演習/chat gpt作成問題/財務会計/問題/2025_0831/2025_0831_Q09_財務_NPV_問題.txt,/Users/odaakihisa/Library/CloudStorage/GoogleDrive-radioheadsyrup16g@gmail.com/マイドライブ/診断士試験/一次試験/問題・演習/chat gpt作成問題/財務会計/答案解説/2025_0831/2025_0831_Q09_財務_NPV_解答.txt,2025-0831-財務会計-Q09
2025,901,Q01,財務会計,2025_0901_Q01_財務_ NPV_問題,https://drive.google.com/open?id=1XpJeYkHARsYHFVD3u-CeNjmOCZDzT5tD&usp=drive_fs,https://drive.google.com/open?id=1Ss_h9eaf3cXloXEGbBUrPszPJQvQ2TdN&usp=drive_fs,問題,ChatGPT問題,/Users/odaakihisa/Library/CloudStorage/GoogleDrive-radioheadsyrup16g@gmail.com/マイドライブ/診断士試験/一次試験/問題・演習/chat gpt作成問題/財務会計/問題/2025_0901/2025_0901_Q01_財務_ NPV_問題.txt,/Users/odaakihisa/Library/CloudStorage/GoogleDrive-radioheadsyrup16g@gmail.com/マイドライブ/診断士試験/一次試験/問題・演習/chat gpt作成問題/財務会計/答案解説/2025_0901/2025_0901_Q01_財務_ NPV_解答.txt,2025-0901-財務会計-Q01
2025,901,Q02,財務会計,2025_0901_Q02_財務_ NPV_問題,https://drive.google.com/open?id=1GjQ_uyUboOwq2QukiKwCMP47qQUCKft_&usp=drive_fs,https://drive.google.com/open?id=1GhTuwnbX860o-BbbM83z_QyMzyyNJxYa&usp=drive_fs,問題,ChatGPT問題,/Users/odaakihisa/Library/CloudStorage/GoogleDrive-radioheadsyrup16g@gmail.com/マイドライブ/診断士試験/一次試験/問題・演習/chat gpt作成問題/財務会計/問題/2025_0901/2025_0901_Q02_財務_ NPV_問題.txt,/Users/odaakihisa/Library/CloudStorage/GoogleDrive-radioheadsyrup16g@gmail.com/マイドライブ/診断士試験/一次試験/問題・演習/chat gpt作成問題/財務会計/答案解説/2025_0901/2025_0901_Q02_財務_ NPV_解答.txt,2025-0901-財務会計-Q02
2025,902,Q01,財務会計,2025_0902_Q01_財務_ WACC_問題,https://drive.google.com/open?id=1af8_PMJzGVXKA5ITEdMK4Pzq4ZJhdbbm&usp=drive_fs,https://drive.google.com/open?id=126ZafVL3JGKOExs6ZlMcQ_RsiqDysM6E&usp=drive_fs,問題,ChatGPT問題,/Users/odaakihisa/Library/CloudStorage/GoogleDrive-radioheadsyrup16g@gmail.com/マイドライブ/診断士試験/一次試験/問題・演習/chat gpt作成問題/財務会計/問題/2025_0902/2025_0902_Q01_財務_ WACC_問題.txt,/Users/odaakihisa/Library/CloudStorage/GoogleDrive-radioheadsyrup16g@gmail.com/マイドライブ/診断士試験/一次試験/問題・演習/chat gpt作成問題/財務会計/答案解説/2025_0902/2025_0902_Q01_財務_ WACC_解答.txt,2025-0902-財務会計-Q01
2025,902,Q02,財務会計,2025_0902_Q02_財務_ WACC_問題,https://drive.google.com/open?id=1RYQqyIERND0FTtOliGQquHnhccJ27TY1&usp=drive_fs,https://drive.google.com/open?id=1nTSmpePLzTtUjvxoHxK4Q-MmOFyXCoZ6&usp=drive_fs,問題,ChatGPT問題,/Users/odaakihisa/Library/CloudStorage/GoogleDrive-radioheadsyrup16g@gmail.com/マイドライブ/診断士試験/一次試験/問題・演習/chat gpt作成問題/財務会計/問題/2025_0902/2025_0902_Q02_財務_ WACC_問題.txt,/Users/odaakihisa/Library/CloudStorage/GoogleDrive-radioheadsyrup16g@gmail.com/マイドライブ/診断士試験/一次試験/問題・演習/chat gpt作成問題/財務会計/答案解説/2025_0902/2025_0902_Q02_財務_ WACC_解答.txt,2025-0902-財務会計-Q02
2025,907,Q01,経済学,2025_0907 _Q01_経済_マクロ_GDP,https://drive.google.com/open?id=1YvcfvyPtZPVqznGFCpFzVBdxsCPcGDgM&usp=drive_fs,https://drive.google.com/open?id=1_IZbGqQC5kV95-N2xcvPfvUl9VtygWrc&usp=drive_fs,問題,ChatGPT問題,/Users/odaakihisa/Library/CloudStorage/GoogleDrive-radioheadsyrup16g@gmail.com/マイドライブ/診断士試験/一次試験/問題・演習/chat gpt作成問題/経済学/問題/2025_0907/2025_0907 _Q01_経済_マクロ_GDP.txt,/Users/odaakihisa/Library/CloudStorage/GoogleDrive-radioheadsyrup16g@gmail.com/マイドライブ/診断士試験/一次試験/問題・演習/chat gpt作成問題/経済学/答案解説/2025_0907/2025_0907_Q01_経済_マクロ_GDP_解答.txt,2025-0907-経済学-Q01
2025,907,Q02,経済学,2025_0907 _Q02_経済_マクロ_景気循環,https://drive.google.com/open?id=1S9DQ7R1cXg03--aBN-sEu_f-xinCiMX2&usp=drive_fs,https://drive.google.com/open?id=16UrRmgxF7pzSJZhFP9BAEzLxJyQ6LDKN&usp=drive_fs,問題,ChatGPT問題,/Users/odaakihisa/Library/CloudStorage/GoogleDrive-radioheadsyrup16g@gmail.com/マイドライブ/診断士試験/一次試験/問題・演習/chat gpt作成問題/経済学/問題/2025_0907/2025_0907 _Q02_経済_マクロ_景気循環.txt,/Users/odaakihisa/Library/CloudStorage/GoogleDrive-radioheadsyrup16g@gmail.com/マイドライブ/診断士試験/一次試験/問題・演習/chat gpt作成問題/経済学/答案解説/2025_0907/2025_0907_Q02_経済_マクロ_景気循環_解答.txt,2025-0907-経済学-Q02
2025,907,Q03,経済学,2025_0907 _Q03_経済_マクロ_景気循環,https://drive.google.com/open?id=1mvFkPQ7hNHMtPAJEviiDy39ZsiMKRjt3&usp=drive_fs,https://drive.google.com/open?id=1CbvxrBQpDhra-FD5uH5k5w9OaYM4clh1&usp=drive_fs,問題,ChatGPT問題,/Users/odaakihisa/Library/CloudStorage/GoogleDrive-radioheadsyrup16g@gmail.com/マイドライブ/診断士試験/一次試験/問題・演習/chat gpt作成問題/経済学/問題/2025_0907/2025_0907 _Q03_経済_マクロ_景気循環.txt,/Users/odaakihisa/Library/CloudStorage/GoogleDrive-radioheadsyrup16g@gmail.com/マイドライブ/診断士試験/一次試験/問題・演習/chat gpt作成問題/経済学/答案解説/2025_0907/2025_0907_Q03_経済_マクロ_景気循環_解答.txt,2025-0907-経済学-Q03
2025,907,Q04,経済学,2025_0907 _Q04_経済_マクロ_物価指数,https://drive.google.com/open?id=1pW-9iMATJvJgop2WPytxbM3ySxOLreeR&usp=drive_fs,https://drive.google.com/open?id=155xItIs0nBcUxuISvUKbdq8pGkpSdl-z&usp=drive_fs,問題,ChatGPT問題,/Users/odaakihisa/Library/CloudStorage/GoogleDrive-radioheadsyrup16g@gmail.com/マイドライブ/診断士試験/一次試験/問題・演習/chat gpt作成問題/経済学/問題/2025_0907/2025_0907 _Q04_経済_マクロ_物価指数.txt,/Users/odaakihisa/Library/CloudStorage/GoogleDrive-radioheadsyrup16g@gmail.com/マイドライブ/診断士試験/一次試験/問題・演習/chat gpt作成問題/経済学/答案解説/2025_0907/2025_0907_Q04_経済_マクロ_物価指数_解答.txt,2025-0907-経済学-Q04
2025,907,Q05,経済学,2025_0907 _Q05_経済_マクロ_物価指数,https://drive.google.com/open?id=1iZrHRvJHMe30vq4tJhmrEKdy-WSP_GE0&usp=drive_fs,https://drive.google.com/open?id=1MqMC3kbz1txKv43OoyMSfgASRWesL4v8&usp=drive_fs,問題,ChatGPT問題,/Users/odaakihisa/Library/CloudStorage/GoogleDrive-radioheadsyrup16g@gmail.com/マイドライブ/診断士試験/一次試験/問題・演習/chat gpt作成問題/経済学/問題/2025_0907/2025_0907 _Q05_経済_マクロ_物価指数.txt,/Users/odaakihisa/Library/CloudStorage/GoogleDrive-radioheadsyrup16g@gmail.com/マイドライブ/診断士試験/一次試験/問題・演習/chat gpt作成問題/経済学/答案解説/2025_0907/2025_0907_Q05_経済_マクロ_物価指数_解答.txt,2025-0907-経済学-Q05
2025,907,Q06,経済学,2025_0907 _Q06_経済_マクロ_経済成長,https://drive.google.com/open?id=1XczilwgNmiP8kj7cdDMCOoDQchod4kGR&usp=drive_fs,https://drive.google.com/open?id=1Vi5NDXEzATQXPyzBes9rRqNTE5P50VhG&usp=drive_fs,問題,ChatGPT問題,/Users/odaakihisa/Library/CloudStorage/GoogleDrive-radioheadsyrup16g@gmail.com/マイドライブ/診断士試験/一次試験/問題・演習/chat gpt作成問題/経済学/問題/2025_0907/2025_0907 _Q06_経済_マクロ_経済成長.txt,/Users/odaakihisa/Library/CloudStorage/GoogleDrive-radioheadsyrup16g@gmail.com/マイドライブ/診断士試験/一次試験/問題・演習/chat gpt作成問題/経済学/答案解説/2025_0907/2025_0907_Q06_経済_マクロ_経済成長_解答.txt,2025-0907-経済学-Q06
2025,907,Q07,経済学,2025_0907 _Q07_経済_マクロ_IS-LM,https://drive.google.com/open?id=1RjJwn-E-GeDUxFE2BVBYSkp_X_8OekVm&usp=drive_fs,https://drive.google.com/open?id=1MaFSqyky2IGpXz2eQmKtFLnl9trdskb5&usp=drive_fs,問題,ChatGPT問題,/Users/odaakihisa/Library/CloudStorage/GoogleDrive-radioheadsyrup16g@gmail.com/マイドライブ/診断士試験/一次試験/問題・演習/chat gpt作成問題/経済学/問題/2025_0907/2025_0907 _Q07_経済_マクロ_IS-LM.txt,/Users/odaakihisa/Library/CloudStorage/GoogleDrive-radioheadsyrup16g@gmail.com/マイドライブ/診断士試験/一次試験/問題・演習/chat gpt作成問題/経済学/答案解説/2025_0907/2025_0907_Q07_経済_マクロ_IS-LM_解答.txt,2025-0907-経済学-Q07
2025,907,Q08,経済学,2025_0907 _Q08_経済_マクロ_フィリップス曲線,https://drive.google.com/open?id=1QpJOhNU05uAZQWzcdqsvtF2qtM6GWoHo&usp=drive_fs,https://drive.google.com/open?id=1XNtIRNntwXfmfFRZqAlS6Bmib76nW2Sz&usp=drive_fs,問題,ChatGPT問題,/Users/odaakihisa/Library/CloudStorage/GoogleDrive-radioheadsyrup16g@gmail.com/マイドライブ/診断士試験/一次試験/問題・演習/chat gpt作成問題/経済学/問題/2025_0907/2025_0907 _Q08_経済_マクロ_フィリップス曲線.txt,/Users/odaakihisa/Library/CloudStorage/GoogleDrive-radioheadsyrup16g@gmail.com/マイドライブ/診断士試験/一次試験/問題・演習/chat gpt作成問題/経済学/答案解説/2025_0907/2025_0907_Q08_経済_マクロ_フィリップス曲線_解答.txt,2025-0907-経済学-Q08
2025,907,Q09,経済学,2025_0907 _Q09_経済_マクロ_AD-AS,https://drive.google.com/open?id=1AaNvRXJbQROe6IK4K9Um5lgPEUblr8LO&usp=drive_fs,https://drive.google.com/open?id=16xULyusruHHtNYwhHLnb2Jh45FLChSz-&usp=drive_fs,問題,ChatGPT問題,/Users/odaakihisa/Library/CloudStorage/GoogleDrive-radioheadsyrup16g@gmail.com/マイドライブ/診断士試験/一次試験/問題・演習/chat gpt作成問題/経済学/問題/2025_0907/2025_0907 _Q09_経済_マクロ_AD-AS.txt,/Users/odaakihisa/Library/CloudStorage/GoogleDrive-radioheadsyrup16g@gmail.com/マイドライブ/診断士試験/一次試験/問題・演習/chat gpt作成問題/経済学/答案解説/2025_0907/2025_0907_Q09_経済_マクロ_AD-AS_解答_丁寧版.txt,2025-0907-経済学-Q09
2025,907,Q10,経済学,2025_0907 _Q10_経済_マクロ_IS-LM,https://drive.google.com/open?id=1wmYBby7w6JvhNIfuSOkxJCL2biCYRoWr&usp=drive_fs,https://drive.google.com/open?id=1yoTdh30aAzOe8I9vnvoCwHCnt2u-amcG&usp=drive_fs,問題,ChatGPT問題,/Users/odaakihisa/Library/CloudStorage/GoogleDrive-radioheadsyrup16g@gmail.com/マイドライブ/診断士試験/一次試験/問題・演習/chat gpt作成問題/経済学/問題/2025_0907/2025_0907 _Q10_経済_マクロ_IS-LM.txt,/Users/odaakihisa/Library/CloudStorage/GoogleDrive-radioheadsyrup16g@gmail.com/マイドライブ/診断士試験/一次試験/問題・演習/chat gpt作成問題/経済学/答案解説/2025_0907/2025_0907_Q10_経済_マクロ_IS-LM_解答_丁寧版.txt,2025-0907-経済学-Q10
2025,908,Q01,経済学,2025_0908 _Q01_経済_マクロ_国際収支,https://drive.google.com/open?id=10Az46lClyxIMg4d1TPKNNuRk7_9ph82U&usp=drive_fs,https://drive.google.com/open?id=1ZGE9O69GqP8wLV5KZ5x3S5_bxkjP0I-f&usp=drive_fs,問題,ChatGPT問題,/Users/odaakihisa/Library/CloudStorage/GoogleDrive-radioheadsyrup16g@gmail.com/マイドライブ/診断士試験/一次試験/問題・演習/chat gpt作成問題/経済学/問題/2025_0908/2025_0908 _Q01_経済_マクロ_国際収支.txt,/Users/odaakihisa/Library/CloudStorage/GoogleDrive-radioheadsyrup16g@gmail.com/マイドライブ/診断士試験/一次試験/問題・演習/chat gpt作成問題/経済学/答案解説/2025_0908/2025_0908_Q01_経済_マクロ_国際収支_解答.txt,2025-0908-経済学-Q01
2025,908,Q02,経済学,2025_0908 _Q02_経済_マクロ_国際収支,https://drive.google.com/open?id=1S29tgPaGjKwLqDXAv6Pxa3baXUDN7mut&usp=drive_fs,https://drive.google.com/open?id=1PDGcXY9syz7tvNFSkQfhDGwBg3GQeHWn&usp=drive_fs,問題,ChatGPT問題,/Users/odaakihisa/Library/CloudStorage/GoogleDrive-radioheadsyrup16g@gmail.com/マイドライブ/診断士試験/一次試験/問題・演習/chat gpt作成問題/経済学/問題/2025_0908/2025_0908 _Q02_経済_マクロ_国際収支.txt,/Users/odaakihisa/Library/CloudStorage/GoogleDrive-radioheadsyrup16g@gmail.com/マイドライブ/診断士試験/一次試験/問題・演習/chat gpt作成問題/経済学/答案解説/2025_0908/2025_0908 _Q02_経済_マクロ_国際収支_解答_丁寧版.txt,2025-0908-経済学-Q02
2025,908,Q03,経済学,2025_0908_Q03_経済_マクロ_財政政策,https://drive.google.com/open?id=1wa_Eiz0uK0IDh2-ISaDG1WuaQRXS0lL6&usp=drive_fs,https://drive.google.com/open?id=1dJAlNQSuaqphOwX8GO8eJeztwnQXD8UH&usp=drive_fs,問題,ChatGPT問題,/Users/odaakihisa/Library/CloudStorage/GoogleDrive-radioheadsyrup16g@gmail.com/マイドライブ/診断士試験/一次試験/問題・演習/chat gpt作成問題/経済学/問題/2025_0908/2025_0908_Q03_経済_マクロ_財政政策.txt,/Users/odaakihisa/Library/CloudStorage/GoogleDrive-radioheadsyrup16g@gmail.com/マイドライブ/診断士試験/一次試験/問題・演習/chat gpt作成問題/経済学/答案解説/2025_0908/2025_0908 _Q03_経済_マクロ_財政政策_解答_丁寧版.txt,2025-0908-経済学-Q03
2025,908,Q04,経済学,2025_0908_Q04_経済_マクロ_AD-AS,https://drive.google.com/open?id=1gk0tE1W3Iw_J4MLa0oALJGc7FA1SGLeC&usp=drive_fs,https://drive.google.com/open?id=1NJYtjVULbZ23aoTr2bC7Dzh1d7MkdKmh&usp=drive_fs,問題,ChatGPT問題,/Users/odaakihisa/Library/CloudStorage/GoogleDrive-radioheadsyrup16g@gmail.com/マイドライブ/診断士試験/一次試験/問題・演習/chat gpt作成問題/経済学/問題/2025_0908/2025_0908_Q04_経済_マクロ_AD-AS.txt,/Users/odaakihisa/Library/CloudStorage/GoogleDrive-radioheadsyrup16g@gmail.com/マイドライブ/診断士試験/一次試験/問題・演習/chat gpt作成問題/経済学/答案解説/2025_0908/2025_0908_Q04_経済_マクロ_AD-AS_解答_丁寧版.txt,2025-0908-経済学-Q04
2025,908,Q05,経済学,2025_0908_Q05_経済_マクロ_信用創造,https://drive.google.com/open?id=1K6Rw91sAe1SqDYJU9bchyjHAymSnqP7t&usp=drive_fs,https://drive.google.com/open?id=1MoZZBkJrkPUe24GTwhPakjkuubMOS6DJ&usp=drive_fs,問題,ChatGPT問題,/Users/odaakihisa/Library/CloudStorage/GoogleDrive-radioheadsyrup16g@gmail.com/マイドライブ/診断士試験/一次試験/問題・演習/chat gpt作成問題/経済学/問題/2025_0908/2025_0908_Q05_経済_マクロ_信用創造.txt,/Users/odaakihisa/Library/CloudStorage/GoogleDrive-radioheadsyrup16g@gmail.com/マイドライブ/診断士試験/一次試験/問題・演習/chat gpt作成問題/経済学/答案解説/2025_0908/2025_0908_Q05_経済_マクロ_信用創造_解答_丁寧版.txt,2025-0908-経済学-Q05
2025,908,Q06,経済学,2025_0908_Q06_経済_マクロ_信用創造,https://drive.google.com/open?id=19EPOZPCyiUjT0_y4eiuERpjEt_MmLCia&usp=drive_fs,https://drive.google.com/open?id=1HO_T4vjO_GEFMkx1Hj0t9Xwclwu6j_3P&usp=drive_fs,問題,ChatGPT問題,/Users/odaakihisa/Library/CloudStorage/GoogleDrive-radioheadsyrup16g@gmail.com/マイドライブ/診断士試験/一次試験/問題・演習/chat gpt作成問題/経済学/問題/2025_0908/2025_0908_Q06_経済_マクロ_信用創造.txt,/Users/odaakihisa/Library/CloudStorage/GoogleDrive-radioheadsyrup16g@gmail.com/マイドライブ/診断士試験/一次試験/問題・演習/chat gpt作成問題/経済学/答案解説/2025_0908/2025_0908_Q06_経済_マクロ_信用創造_解答_丁寧版.txt,2025-0908-経済学-Q06
2025,908,Q07,経済学,2025_0908_Q07_経済_マクロ_貨幣市場,https://drive.google.com/open?id=1H8PI3MoInixs_yeUEHibLJZ3EB6z0XO2&usp=drive_fs,https://drive.google.com/open?id=1grpx1FNgmAbwJfurF6-v5r1jWT9SUToC&usp=drive_fs,問題,ChatGPT問題,/Users/odaakihisa/Library/CloudStorage/GoogleDrive-radioheadsyrup16g@gmail.com/マイドライブ/診断士試験/一次試験/問題・演習/chat gpt作成問題/経済学/問題/2025_0908/2025_0908_Q07_経済_マクロ_貨幣市場.txt,/Users/odaakihisa/Library/CloudStorage/GoogleDrive-radioheadsyrup16g@gmail.com/マイドライブ/診断士試験/一次試験/問題・演習/chat gpt作成問題/経済学/答案解説/2025_0908/2025_0908_Q07_経済_マクロ_貨幣市場_解答_丁寧版.txt,2025-0908-経済学-Q07
2025,915,Q01,財務会計,2025_0915_Q01_財務_NPV_問題,https://drive.google.com/open?id=1h2_nR7EU_D1LVD5IfFmBZ3fAAdx_wVvU&usp=drive_fs,https://drive.google.com/open?id=1ulRGJQ4VbJW98e_Jav4XjNDYdllE1soD&usp=drive_fs,問題,ChatGPT問題,/Users/odaakihisa/Library/CloudStorage/GoogleDrive-radioheadsyrup16g@gmail.com/マイドライブ/診断士試験/一次試験/問題・演習/chat gpt作成問題/財務会計/問題/2025_0915/2025_0915_Q01_財務_NPV_問題.txt,/Users/odaakihisa/Library/CloudStorage/GoogleDrive-radioheadsyrup16g@gmail.com/マイドライブ/診断士試験/一次試験/問題・演習/chat gpt作成問題/財務会計/答案解説/2025_0915/2025_0915_Q01_財務_NPV_解答_丁寧版.txt,2025-0915-財務会計-Q01
2025,915,Q02,財務会計,2025_0915_Q02_財務_WACC_問題,https://drive.google.com/open?id=1IjqQdrlI2BNqtttQ-xO54HWAJK4iC44k&usp=drive_fs,https://drive.google.com/open?id=1XH93G4sJt64Zc_-FzANQbyyOUjfD8k2O&usp=drive_fs,問題,ChatGPT問題,/Users/odaakihisa/Library/CloudStorage/GoogleDrive-radioheadsyrup16g@gmail.com/マイドライブ/診断士試験/一次試験/問題・演習/chat gpt作成問題/財務会計/問題/2025_0915/2025_0915_Q02_財務_WACC_問題.txt,/Users/odaakihisa/Library/CloudStorage/GoogleDrive-radioheadsyrup16g@gmail.com/マイドライブ/診断士試験/一次試験/問題・演習/chat gpt作成問題/財務会計/答案解説/2025_0915/2025_0915_Q02_財務_WACC_解答_丁寧版.txt,2025-0915-財務会計-Q02
2025,915,Q03,財務会計,2025_0915_Q03_財務_NPV_問題,https://drive.google.com/open?id=1uxmpsE3CHDq0Yrf_pq6GOCHURMGydece&usp=drive_fs,https://drive.google.com/open?id=1B1uM-Mz38-ibzg5SlU12iIhoyLpr4-Wq&usp=drive_fs,問題,ChatGPT問題,/Users/odaakihisa/Library/CloudStorage/GoogleDrive-radioheadsyrup16g@gmail.com/マイドライブ/診断士試験/一次試験/問題・演習/chat gpt作成問題/財務会計/問題/2025_0915/2025_0915_Q03_財務_NPV_問題.txt,/Users/odaakihisa/Library/CloudStorage/GoogleDrive-radioheadsyrup16g@gmail.com/マイドライブ/診断士試験/一次試験/問題・演習/chat gpt作成問題/財務会計/答案解説/2025_0915/2025_0915_Q03_財務_NPV_解答_丁寧版.txt,2025-0915-財務会計-Q03
2025,915,Q04,財務会計,2025_0915_Q04_財務_CVP_問題,https://drive.google.com/open?id=174iP1lSwegkcwvC_hKDIMrUesgq1TVqE&usp=drive_fs,https://drive.google.com/open?id=1667f42dsjYUkZtYb6QNX6R0PHsVYcYJA&usp=drive_fs,問題,ChatGPT問題,/Users/odaakihisa/Library/CloudStorage/GoogleDrive-radioheadsyrup16g@gmail.com/マイドライブ/診断士試験/一次試験/問題・演習/chat gpt作成問題/財務会計/問題/2025_0915/2025_0915_Q04_財務_CVP_問題.txt,/Users/odaakihisa/Library/CloudStorage/GoogleDrive-radioheadsyrup16g@gmail.com/マイドライブ/診断士試験/一次試験/問題・演習/chat gpt作成問題/財務会計/答案解説/2025_0915/2025_0915_Q04_財務_CVP_解答_丁寧版.txt,2025-0915-財務会計-Q04
2025,915,Q05,財務会計,2025_0915_Q05_財務_原価計算_問題,https://drive.google.com/open?id=1hzCqewWTCCfb435pGtPOZU82AxgHeD79&usp=drive_fs,https://drive.google.com/open?id=1WZqT2S2da_7-JQBF5CREu5HLmw6r9_Me&usp=drive_fs,問題,ChatGPT問題,/Users/odaakihisa/Library/CloudStorage/GoogleDrive-radioheadsyrup16g@gmail.com/マイドライブ/診断士試験/一次試験/問題・演習/chat gpt作成問題/財務会計/問題/2025_0915/2025_0915_Q05_財務_原価計算_問題.txt,/Users/odaakihisa/Library/CloudStorage/GoogleDrive-radioheadsyrup16g@gmail.com/マイドライブ/診断士試験/一次試験/問題・演習/chat gpt作成問題/財務会計/答案解説/2025_0915/2025_0915_Q05_財務_原価計算_解答_丁寧版.txt,2025-0915-財務会計-Q05
2025,915,Q06,財務会計,2025_0915_Q06_財務_CF-間接法_問題,https://drive.google.com/open?id=1NFjEpbFHMSteHqNZ8W8c5OL7OdQm9jzI&usp=drive_fs,https://drive.google.com/open?id=1-UMTQaM2nEiRBMrXN6UHrGA9lNb1kxR8&usp=drive_fs,問題,ChatGPT問題,/Users/odaakihisa/Library/CloudStorage/GoogleDrive-radioheadsyrup16g@gmail.com/マイドライブ/診断士試験/一次試験/問題・演習/chat gpt作成問題/財務会計/問題/2025_0915/2025_0915_Q06_財務_CF-間接法_問題.txt,/Users/odaakihisa/Library/CloudStorage/GoogleDrive-radioheadsyrup16g@gmail.com/マイドライブ/診断士試験/一次試験/問題・演習/chat gpt作成問題/財務会計/答案解説/2025_0915/2025_0915_Q06_財務_CF-間接法_解答_丁寧版_v2.txt,2025-0915-財務会計-Q06
2025,915,Q07,財務会計,2025_0915_Q07_財務_連結会計_問題,https://drive.google.com/open?id=1F1h6WGhsq3NzbHXX920f70GyzCVOxEhk&usp=drive_fs,https://drive.google.com/open?id=1vEZyDbuRFc6sb1vxV6I8sNy_Kb8Q4GzY&usp=drive_fs,問題,ChatGPT問題,/Users/odaakihisa/Library/CloudStorage/GoogleDrive-radioheadsyrup16g@gmail.com/マイドライブ/診断士試験/一次試験/問題・演習/chat gpt作成問題/財務会計/問題/2025_0915/2025_0915_Q07_財務_連結会計_問題.txt,/Users/odaakihisa/Library/CloudStorage/GoogleDrive-radioheadsyrup16g@gmail.com/マイドライブ/診断士試験/一次試験/問題・演習/chat gpt作成問題/財務会計/答案解説/2025_0915/2025_0915_Q07_財務_連結会計_解答_丁寧版.txt,2025-0915-財務会計-Q07
2025,921,Q01,財務会計,2025_0921_Q01_財務_貸倒引当金_問題,https://drive.google.com/open?id=1cC8n992jG0kV-mavFwS6FrvM3mgSO4s5&usp=drive_fs,https://drive.google.com/open?id=1Y3_Pvn9uC-uNhsB51WGuHSJwEjpZNrk9&usp=drive_fs,問題,ChatGPT問題,/Users/odaakihisa/Library/CloudStorage/GoogleDrive-radioheadsyrup16g@gmail.com/マイドライブ/診断士試験/一次試験/問題・演習/chat gpt作成問題/財務会計/問題/2025_0921/2025_0921_Q01_財務_貸倒引当金_問題.txt,/Users/odaakihisa/Library/CloudStorage/GoogleDrive-radioheadsyrup16g@gmail.com/マイドライブ/診断士試験/一次試験/問題・演習/chat gpt作成問題/財務会計/答案解説/2025_0921/2025_0921_Q01_財務_貸倒引当金_解答_丁寧版.txt,2025-0921-財務会計-Q01
2025,921,Q02,財務会計,2025_0921_Q02_財務_貸倒引当金_問題,https://drive.google.com/open?id=1tPNAnOukZRm8qYpLfF5o_s3tTqs0drxI&usp=drive_fs,https://drive.google.com/open?id=1HreAd--FW_ksryfDhJg23J-rfVa2dQx5&usp=drive_fs,問題,ChatGPT問題,/Users/odaakihisa/Library/CloudStorage/GoogleDrive-radioheadsyrup16g@gmail.com/マイドライブ/診断士試験/一次試験/問題・演習/chat gpt作成問題/財務会計/問題/2025_0921/2025_0921_Q02_財務_貸倒引当金_問題.txt,/Users/odaakihisa/Library/CloudStorage/GoogleDrive-radioheadsyrup16g@gmail.com/マイドライブ/診断士試験/一次試験/問題・演習/chat gpt作成問題/財務会計/答案解説/2025_0921/2025_0921_Q02_財務_貸倒引当金_解答_丁寧版.txt,2025-0921-財務会計-Q02
2025,921,Q03,財務会計,2025_0921_Q03_財務_貸倒引当金_問題,https://drive.google.com/open?id=1KgVqvxojHVFnypm5fobRFB4i0T8rgC3h&usp=drive_fs,https://drive.google.com/open?id=1Z-nFLo2p8uHCvLmEgXVaQ9iUO9M3uBTY&usp=drive_fs,問題,ChatGPT問題,/Users/odaakihisa/Library/CloudStorage/GoogleDrive-radioheadsyrup16g@gmail.com/マイドライブ/診断士試験/一次試験/問題・演習/chat gpt作成問題/財務会計/問題/2025_0921/2025_0921_Q03_財務_貸倒引当金_問題.txt,/Users/odaakihisa/Library/CloudStorage/GoogleDrive-radioheadsyrup16g@gmail.com/マイドライブ/診断士試験/一次試験/問題・演習/chat gpt作成問題/財務会計/答案解説/2025_0921/2025_0921_Q03_財務_貸倒引当金_解答_丁寧版.txt,2025-0921-財務会計-Q03
2025,921,Q04,財務会計,2025_0921_Q04_財務_貸倒引当金_問題,https://drive.google.com/open?id=1R8gCzvzbc7pU9LynA_1ZAzmEmSUudJHU&usp=drive_fs,https://drive.google.com/open?id=1UuA6USHGvuHpVLg9nzJGJnXUSjWpwhDu&usp=drive_fs,問題,ChatGPT問題,/Users/odaakihisa/Library/CloudStorage/GoogleDrive-radioheadsyrup16g@gmail.com/マイドライブ/診断士試験/一次試験/問題・演習/chat gpt作成問題/財務会計/問題/2025_0921/2025_0921_Q04_財務_貸倒引当金_問題.txt,/Users/odaakihisa/Library/CloudStorage/GoogleDrive-radioheadsyrup16g@gmail.com/マイドライブ/診断士試験/一次試験/問題・演習/chat gpt作成問題/財務会計/答案解説/2025_0921/2025_0921_Q04_財務_貸倒引当金_解答_丁寧版.txt,2025-0921-財務会計-Q04
2025,921,Q05,財務会計,2025_0921_Q05_財務_貸倒引当金(洗替法)_問題,https://drive.google.com/open?id=15rvJk0OYmKiUO_hgNpVIG-2Ig6n1G60N&usp=drive_fs,https://drive.google.com/open?id=1ERiRDFnoXZsLohN4MtkzDr--w1gIqMfG&usp=drive_fs,問題,ChatGPT問題,/Users/odaakihisa/Library/CloudStorage/GoogleDrive-radioheadsyrup16g@gmail.com/マイドライブ/診断士試験/一次試験/問題・演習/chat gpt作成問題/財務会計/問題/2025_0921/2025_0921_Q05_財務_貸倒引当金(洗替法)_問題.txt,/Users/odaakihisa/Library/CloudStorage/GoogleDrive-radioheadsyrup16g@gmail.com/マイドライブ/診断士試験/一次試験/問題・演習/chat gpt作成問題/財務会計/答案解説/2025_0921/2025_0921_Q05_財務_貸倒引当金(洗替法)_解答_丁寧版.txt,2025-0921-財務会計-Q05
2025,921,Q06,財務会計,2025_0921_Q06_財務_NPV_問題,https://drive.google.com/open?id=1CH9mPJyegsckEupaSS4bMq-k08_-FTsV&usp=drive_fs,https://drive.google.com/open?id=1ITV0C76ErjlWrFZ3S70YARwD0c0p8-mg&usp=drive_fs,問題,ChatGPT問題,/Users/odaakihisa/Library/CloudStorage/GoogleDrive-radioheadsyrup16g@gmail.com/マイドライブ/診断士試験/一次試験/問題・演習/chat gpt作成問題/財務会計/問題/2025_0921/2025_0921_Q06_財務_NPV_問題.txt,/Users/odaakihisa/Library/CloudStorage/GoogleDrive-radioheadsyrup16g@gmail.com/マイドライブ/診断士試験/一次試験/問題・演習/chat gpt作成問題/財務会計/答案解説/2025_0921/2025_0921_Q06_財務_NPV_解答_丁寧版.txt,2025-0921-財務会計-Q06
2025,921,Q07,財務会計,2025_0921_Q07_財務_財務分析(デュポン分解)_問題,https://drive.google.com/open?id=1ByJECzcQgNNvXpPkyDVRA27Rc5GE6HGL&usp=drive_fs,https://drive.google.com/open?id=1synZwLTXUipiqB95E9m3b0bDs51uGguj&usp=drive_fs,問題,ChatGPT問題,/Users/odaakihisa/Library/CloudStorage/GoogleDrive-radioheadsyrup16g@gmail.com/マイドライブ/診断士試験/一次試験/問題・演習/chat gpt作成問題/財務会計/問題/2025_0921/2025_0921_Q07_財務_財務分析(デュポン分解)_問題.txt,/Users/odaakihisa/Library/CloudStorage/GoogleDrive-radioheadsyrup16g@gmail.com/マイドライブ/診断士試験/一次試験/問題・演習/chat gpt作成問題/財務会計/答案解説/2025_0921/2025_0921_Q07_財務_財務分析(デュポン分解)_解答_丁寧版.txt,2025-0921-財務会計-Q07
2025,921,Q08,財務会計,2025_0921_Q08_財務_CVP分析_問題,https://drive.google.com/open?id=1CXrr_jeqmzglA7j7rgGhjUrXaG_Lhh4p&usp=drive_fs,https://drive.google.com/open?id=1p5e0arUpFsBHMpwwpH9cY7MpyGkB0vGm&usp=drive_fs,問題,ChatGPT問題,/Users/odaakihisa/Library/CloudStorage/GoogleDrive-radioheadsyrup16g@gmail.com/マイドライブ/診断士試験/一次試験/問題・演習/chat gpt作成問題/財務会計/問題/2025_0921/2025_0921_Q08_財務_CVP分析_問題.txt,/Users/odaakihisa/Library/CloudStorage/GoogleDrive-radioheadsyrup16g@gmail.com/マイドライブ/診断士試験/一次試験/問題・演習/chat gpt作成問題/財務会計/答案解説/2025_0921/2025_0921_Q08_財務_CVP分析_解答_丁寧版.txt,2025-0921-財務会計-Q08
2025,921,Q09,財務会計,2025_0921_Q09_財務_CVP分析_多製品ミックス_問題,https://drive.google.com/open?id=1Vv3Cjz11O3GyFdloUFV6daXXRPKR_JEl&usp=drive_fs,https://drive.google.com/open?id=1adpmBylm8Qt0aSxc5xCyeYtP2-4f3Zmt&usp=drive_fs,問題,ChatGPT問題,/Users/odaakihisa/Library/CloudStorage/GoogleDrive-radioheadsyrup16g@gmail.com/マイドライブ/診断士試験/一次試験/問題・演習/chat gpt作成問題/財務会計/問題/2025_0921/2025_0921_Q09_財務_CVP分析_多製品ミックス_問題.txt,/Users/odaakihisa/Library/CloudStorage/GoogleDrive-radioheadsyrup16g@gmail.com/マイドライブ/診断士試験/一次試験/問題・演習/chat gpt作成問題/財務会計/答案解説/2025_0921/2025_0921_Q09_財務_CVP分析_多製品ミックス_解答_丁寧版.txt,2025-0921-財務会計-Q09
2025,921,Q10,財務会計,2025_0921_Q10_財務_CVP分析_営業利益目標_問題,https://drive.google.com/open?id=1_LLSBXvoU66bOcQH2pPmgtDQXkI673Zu&usp=drive_fs,https://drive.google.com/open?id=1hzZMSWZa4V-iVoWWCRoIvsCbAMKgRHWp&usp=drive_fs,問題,ChatGPT問題,/Users/odaakihisa/Library/CloudStorage/GoogleDrive-radioheadsyrup16g@gmail.com/マイドライブ/診断士試験/一次試験/問題・演習/chat gpt作成問題/財務会計/問題/2025_0921/2025_0921_Q10_財務_CVP分析_営業利益目標_問題.txt,/Users/odaakihisa/Library/CloudStorage/GoogleDrive-radioheadsyrup16g@gmail.com/マイドライブ/診断士試験/一次試験/問題・演習/chat gpt作成問題/財務会計/答案解説/2025_0921/2025_0921_Q10_財務_CVP分析_営業利益目標_解答_丁寧版.txt,2025-0921-財務会計-Q10
2025,921,Q11,財務会計,2025_0921_Q11_財務_貸倒引当金_問題,https://drive.google.com/open?id=15xe7H0JS33p6Z1DiDb9p9JgqUf1cE_5-&usp=drive_fs,https://drive.google.com/open?id=1cEivfY-gLbfJA3EAd4g8FMBR4mmCPDrO&usp=drive_fs,問題,ChatGPT問題,/Users/odaakihisa/Library/CloudStorage/GoogleDrive-radioheadsyrup16g@gmail.com/マイドライブ/診断士試験/一次試験/問題・演習/chat gpt作成問題/財務会計/問題/2025_0921/2025_0921_Q11_財務_貸倒引当金_問題.txt,/Users/odaakihisa/Library/CloudStorage/GoogleDrive-radioheadsyrup16g@gmail.com/マイドライブ/診断士試験/一次試験/問題・演習/chat gpt作成問題/財務会計/答案解説/2025_0921/2025_0921_Q11_財務_貸倒引当金_解答_丁寧版.txt,2025-0921-財務会計-Q11
2025,921,Q12,財務会計,2025_0921_Q12_財務_連結_社内取引_問題,https://drive.google.com/open?id=1J3UIavLZNZtP_Y3AuHniYBrYBpws-gdj&usp=drive_fs,https://drive.google.com/open?id=17vG6LMGfkqeYylmS77iDdbXwoywldh7a&usp=drive_fs,問題,ChatGPT問題,/Users/odaakihisa/Library/CloudStorage/GoogleDrive-radioheadsyrup16g@gmail.com/マイドライブ/診断士試験/一次試験/問題・演習/chat gpt作成問題/財務会計/問題/2025_0921/2025_0921_Q12_財務_連結_社内取引_問題.txt,/Users/odaakihisa/Library/CloudStorage/GoogleDrive-radioheadsyrup16g@gmail.com/マイドライブ/診断士試験/一次試験/問題・演習/chat gpt作成問題/財務会計/答案解説/2025_0921/2025_0921_Q12_財務_連結_社内取引_解答_丁寧版.txt,2025-0921-財務会計-Q12
2025,922,Q01,財務会計,2025_0922_Q01_財務_収益性分析_売上高営業利益率_問題,https://drive.google.com/open?id=1NXg0uaSISUy5VipYIzyBjth6Sw1JUdPo&usp=drive_fs,https://drive.google.com/open?id=1tyGBMu27SXyvF5msPdB6VD-6Omyf3PmC&usp=drive_fs,問題,ChatGPT問題,/Users/odaakihisa/Library/CloudStorage/GoogleDrive-radioheadsyrup16g@gmail.com/マイドライブ/診断士試験/一次試験/問題・演習/chat gpt作成問題/財務会計/問題/2025_0922/2025_0922_Q01_財務_収益性分析_売上高営業利益率_問題.txt,/Users/odaakihisa/Library/CloudStorage/GoogleDrive-radioheadsyrup16g@gmail.com/マイドライブ/診断士試験/一次試験/問題・演習/chat gpt作成問題/財務会計/答案解説/2025_0922/2025_0922_Q01_財務_収益性分析_売上高営業利益率_解答_丁寧版.txt,2025-0922-財務会計-Q01
2025,922,Q02,財務会計,2025_0922_Q02_財務_CF計算書_営業CF調整_問題,https://drive.google.com/open?id=1XmHY836dve1EOGHyPy1oC6El2cTkdmIx&usp=drive_fs,https://drive.google.com/open?id=1OII_BIV5EkVMK1u86AaIn6IzHTMujEjz&usp=drive_fs,問題,ChatGPT問題,/Users/odaakihisa/Library/CloudStorage/GoogleDrive-radioheadsyrup16g@gmail.com/マイドライブ/診断士試験/一次試験/問題・演習/chat gpt作成問題/財務会計/問題/2025_0922/2025_0922_Q02_財務_CF計算書_営業CF調整_問題.txt,/Users/odaakihisa/Library/CloudStorage/GoogleDrive-radioheadsyrup16g@gmail.com/マイドライブ/診断士試験/一次試験/問題・演習/chat gpt作成問題/財務会計/答案解説/2025_0922/2025_0922_Q02_財務_CF計算書_営業CF調整_解答_丁寧版.txt,2025-0922-財務会計-Q02
2025,922,Q03,財務会計,2025_0922_Q03_財務_CF計算書_営業CF調整_問題,https://drive.google.com/open?id=1mof-0PRNM1mAYv07ecWsD0FhyOX2y9K4&usp=drive_fs,https://drive.google.com/open?id=1EzTfB3Gc52sSb0yQf3AJpPh4FHvU-JfT&usp=drive_fs,問題,ChatGPT問題,/Users/odaakihisa/Library/CloudStorage/GoogleDrive-radioheadsyrup16g@gmail.com/マイドライブ/診断士試験/一次試験/問題・演習/chat gpt作成問題/財務会計/問題/2025_0922/2025_0922_Q03_財務_CF計算書_営業CF調整_問題.txt,/Users/odaakihisa/Library/CloudStorage/GoogleDrive-radioheadsyrup16g@gmail.com/マイドライブ/診断士試験/一次試験/問題・演習/chat gpt作成問題/財務会計/答案解説/2025_0922/2025_0922_Q03_財務_CF計算書_営業CF調整_解答_丁寧版.txt,2025-0922-財務会計-Q03
2025,922,Q04,財務会計,2025_0922_Q04_財務_CF計算書_営業CF調整(法人税率)_問題,https://drive.google.com/open?id=1_Jjc1lrjMbzSyGxlC78aET31p0AhBlRc&usp=drive_fs,https://drive.google.com/open?id=15diNVrCCXwnqhQSx_cvvYQj59Ck6208B&usp=drive_fs,問題,ChatGPT問題,/Users/odaakihisa/Library/CloudStorage/GoogleDrive-radioheadsyrup16g@gmail.com/マイドライブ/診断士試験/一次試験/問題・演習/chat gpt作成問題/財務会計/問題/2025_0922/2025_0922_Q04_財務_CF計算書_営業CF調整(法人税率)_問題.txt,/Users/odaakihisa/Library/CloudStorage/GoogleDrive-radioheadsyrup16g@gmail.com/マイドライブ/診断士試験/一次試験/問題・演習/chat gpt作成問題/財務会計/答案解説/2025_0922/2025_0922_Q04_財務_CF計算書_営業CF調整(法人税率)_解答_丁寧版.txt,2025-0922-財務会計-Q04
2025,922,Q05,財務会計,2025_0922_Q05_財務_CF計算書_営業CF調整(法人税率・応用)_問題,https://drive.google.com/open?id=1Yj8XREfuAYiMHoohas_5Y_9kESEaDwUM&usp=drive_fs,https://drive.google.com/open?id=1QDW3nzdk2zad747-n-LdQD7yVohTbC9s&usp=drive_fs,問題,ChatGPT問題,/Users/odaakihisa/Library/CloudStorage/GoogleDrive-radioheadsyrup16g@gmail.com/マイドライブ/診断士試験/一次試験/問題・演習/chat gpt作成問題/財務会計/問題/2025_0922/2025_0922_Q05_財務_CF計算書_営業CF調整(法人税率・応用)_問題.txt,/Users/odaakihisa/Library/CloudStorage/GoogleDrive-radioheadsyrup16g@gmail.com/マイドライブ/診断士試験/一次試験/問題・演習/chat gpt作成問題/財務会計/答案解説/2025_0922/2025_0922_Q05_財務_CF計算書_営業CF調整(法人税率・応用)_解答_丁寧版.txt,2025-0922-財務会計-Q05
2025,922,Q06,財務会計,2025_0922_Q06_財務_株式評価_DDM_問題,https://drive.google.com/open?id=1lMitCRJtDl5o3wdFVcDqRtbbxRxjC7n4&usp=drive_fs,https://drive.google.com/open?id=1lCytyEgCCIDKIB5HX4FvDrrSAGy0WR5C&usp=drive_fs,問題,ChatGPT問題,/Users/odaakihisa/Library/CloudStorage/GoogleDrive-radioheadsyrup16g@gmail.com/マイドライブ/診断士試験/一次試験/問題・演習/chat gpt作成問題/財務会計/問題/2025_0922/2025_0922_Q06_財務_株式評価_DDM_問題.txt,/Users/odaakihisa/Library/CloudStorage/GoogleDrive-radioheadsyrup16g@gmail.com/マイドライブ/診断士試験/一次試験/問題・演習/chat gpt作成問題/財務会計/答案解説/2025_0922/2025_0922_Q06_財務_株式評価_DDM_解答_丁寧版.txt,2025-0922-財務会計-Q06
2025,922,Q07,財務会計,2025_0922_Q07_財務_株式評価_DDM_問題,https://drive.google.com/open?id=1TrjyrM6VuuVuj68xIzzSSHN8mQMszAsx&usp=drive_fs,https://drive.google.com/open?id=1NXzgNO72Y-xCa5oJfSc0Xoh0dbOuJoSO&usp=drive_fs,問題,ChatGPT問題,/Users/odaakihisa/Library/CloudStorage/GoogleDrive-radioheadsyrup16g@gmail.com/マイドライブ/診断士試験/一次試験/問題・演習/chat gpt作成問題/財務会計/問題/2025_0922/2025_0922_Q07_財務_株式評価_DDM_問題.txt,/Users/odaakihisa/Library/CloudStorage/GoogleDrive-radioheadsyrup16g@gmail.com/マイドライブ/診断士試験/一次試験/問題・演習/chat gpt作成問題/財務会計/答案解説/2025_0922/2025_0922_Q07_財務_株式評価_DDM_解答_丁寧版.txt,2025-0922-財務会計-Q07
2025,923,Q01,財務会計,2025_0923_Q01_財務_WACC_DCF_問題,https://drive.google.com/open?id=1b3Q6sqtgCxKzu9WOG_zB4IAm-RI05nmm&usp=drive_fs,https://drive.google.com/open?id=1MJtz0-zUavWoLyYPGi-HBIsKTbRJ3S6p&usp=drive_fs,問題,ChatGPT問題,/Users/odaakihisa/Library/CloudStorage/GoogleDrive-radioheadsyrup16g@gmail.com/マイドライブ/診断士試験/一次試験/問題・演習/chat gpt作成問題/財務会計/問題/2025_0923/2025_0923_Q01_財務_WACC_DCF_問題.txt,/Users/odaakihisa/Library/CloudStorage/GoogleDrive-radioheadsyrup16g@gmail.com/マイドライブ/診断士試験/一次試験/問題・演習/chat gpt作成問題/財務会計/答案解説/2025_0923/2025_0923_Q01_財務_WACC_DCF_解答_丁寧版.txt,2025-0923-財務会計-Q01
2025,923,Q02,財務会計,2025_0923_Q02_財務_CAPM_PER_DDM_問題,https://drive.google.com/open?id=1c_zLJXgldvyo52_g2xa6obUVCqenvy35&usp=drive_fs,https://drive.google.com/open?id=1BWjcTzXQIcc84SX5lwFokzPaVgf_IUvH&usp=drive_fs,問題,ChatGPT問題,/Users/odaakihisa/Library/CloudStorage/GoogleDrive-radioheadsyrup16g@gmail.com/マイドライブ/診断士試験/一次試験/問題・演習/chat gpt作成問題/財務会計/問題/2025_0923/2025_0923_Q02_財務_CAPM_PER_DDM_問題.txt,/Users/odaakihisa/Library/CloudStorage/GoogleDrive-radioheadsyrup16g@gmail.com/マイドライブ/診断士試験/一次試験/問題・演習/chat gpt作成問題/財務会計/答案解説/2025_0923/2025_0923_Q02_財務_CAPM_PER_DDM_解答_丁寧版.txt,2025-0923-財務会計-Q02
2025,923,Q03,財務会計,2025_0923_Q03_財務_CAPM_PER_問題,https://drive.google.com/open?id=1CgY_sl8ev6waN1lkCqKHyam6By4JmgVD&usp=drive_fs,https://drive.google.com/open?id=1Y3kcsw-7i--EY4gJyqAFrCu2wnqR5jpK&usp=drive_fs,問題,ChatGPT問題,/Users/odaakihisa/Library/CloudStorage/GoogleDrive-radioheadsyrup16g@gmail.com/マイドライブ/診断士試験/一次試験/問題・演習/chat gpt作成問題/財務会計/問題/2025_0923/2025_0923_Q03_財務_CAPM_PER_問題.txt,/Users/odaakihisa/Library/CloudStorage/GoogleDrive-radioheadsyrup16g@gmail.com/マイドライブ/診断士試験/一次試験/問題・演習/chat gpt作成問題/財務会計/答案解説/2025_0923/2025_0923_Q03_財務_CAPM_PER_解答_丁寧版.txt,2025-0923-財務会計-Q03
2025,928,Q01,財務会計,2025_0928_Q01_財務_法人税_消費税_複合_問題,https://drive.google.com/open?id=1XAZ5X4c8hWjY0gR-x1o8jhdNSXJVqE81&usp=drive_fs,https://drive.google.com/open?id=1JRjFSn7DcueeTXR2tSKvir66hNVBkz4R&usp=drive_fs,問題,ChatGPT問題,/Users/odaakihisa/Library/CloudStorage/GoogleDrive-radioheadsyrup16g@gmail.com/マイドライブ/診断士試験/一次試験/問題・演習/chat gpt作成問題/財務会計/問題/2025_0928/2025_0928_Q01_財務_法人税_消費税_複合_問題.txt,/Users/odaakihisa/Library/CloudStorage/GoogleDrive-radioheadsyrup16g@gmail.com/マイドライブ/診断士試験/一次試験/問題・演習/chat gpt作成問題/財務会計/答案解説/2025_0928/2025_0928_Q01_財務_法人税_消費税_複合_解答_丁寧版.txt,2025-0928-財務会計-Q01
2025,928,Q02,財務会計,2025_0928_Q02_財務_法人税_消費税_複合_問題,https://drive.google.com/open?id=1OXb2pTgvrM5jufCszoJONcq3qBAE3lQZ&usp=drive_fs,https://drive.google.com/open?id=1NBYvPXyuM8ge21KKYSzRLD_xbbBICEPA&usp=drive_fs,問題,ChatGPT問題,/Users/odaakihisa/Library/CloudStorage/GoogleDrive-radioheadsyrup16g@gmail.com/マイドライブ/診断士試験/一次試験/問題・演習/chat gpt作成問題/財務会計/問題/2025_0928/2025_0928_Q02_財務_法人税_消費税_複合_問題.txt,/Users/odaakihisa/Library/CloudStorage/GoogleDrive-radioheadsyrup16g@gmail.com/マイドライブ/診断士試験/一次試験/問題・演習/chat gpt作成問題/財務会計/答案解説/2025_0928/2025_0928_Q02_財務_法人税_消費税_複合_解答_丁寧版.txt,2025-0928-財務会計-Q02
2025,928,Q03,財務会計,2025_0928_Q03_財務_法人税_消費税_複合_問題,https://drive.google.com/open?id=1eybcd401PRVcV_0IGYK0BX7U4ehi5nNO&usp=drive_fs,https://drive.google.com/open?id=1qhNWC6QKsd2bF_fhdYwvCPQdGCZ8a0h0&usp=drive_fs,問題,ChatGPT問題,/Users/odaakihisa/Library/CloudStorage/GoogleDrive-radioheadsyrup16g@gmail.com/マイドライブ/診断士試験/一次試験/問題・演習/chat gpt作成問題/財務会計/問題/2025_0928/2025_0928_Q03_財務_法人税_消費税_複合_問題.txt,/Users/odaakihisa/Library/CloudStorage/GoogleDrive-radioheadsyrup16g@gmail.com/マイドライブ/診断士試験/一次試験/問題・演習/chat gpt作成問題/財務会計/答案解説/2025_0928/2025_0928_Q03_財務_法人税_消費税_複合_解答_丁寧版.txt,2025-0928-財務会計-Q03
2025,928,Q04,財務会計,2025_0928_Q04_財務_法人税_消費税_複合_問題,https://drive.google.com/open?id=1VfHDnW6vqEoXPF33190S1zw20g4VzhkD&usp=drive_fs,https://drive.google.com/open?id=1UYNizn46GT-5LANy5oopoCqEKALuHSdv&usp=drive_fs,問題,ChatGPT問題,/Users/odaakihisa/Library/CloudStorage/GoogleDrive-radioheadsyrup16g@gmail.com/マイドライブ/診断士試験/一次試験/問題・演習/chat gpt作成問題/財務会計/問題/2025_0928/2025_0928_Q04_財務_法人税_消費税_複合_問題.txt,/Users/odaakihisa/Library/CloudStorage/GoogleDrive-radioheadsyrup16g@gmail.com/マイドライブ/診断士試験/一次試験/問題・演習/chat gpt作成問題/財務会計/答案解説/2025_0928/2025_0928_Q04_財務_法人税_消費税_複合_解答_丁寧版.txt,2025-0928-財務会計-Q04
2025,928,Q05,財務会計,2025_0928_Q05_財務_財務レバレッジ_ROE_複合_問題,https://drive.google.com/open?id=1va5a3Q5MfLfXr23V1NDqy-2b0FBgpWxd&usp=drive_fs,https://drive.google.com/open?id=1lnopHcOQyjO4P8VCf50AlQ1WKHV1pGQv&usp=drive_fs,問題,ChatGPT問題,/Users/odaakihisa/Library/CloudStorage/GoogleDrive-radioheadsyrup16g@gmail.com/マイドライブ/診断士試験/一次試験/問題・演習/chat gpt作成問題/財務会計/問題/2025_0928/2025_0928_Q05_財務_財務レバレッジ_ROE_複合_問題.txt,/Users/odaakihisa/Library/CloudStorage/GoogleDrive-radioheadsyrup16g@gmail.com/マイドライブ/診断士試験/一次試験/問題・演習/chat gpt作成問題/財務会計/答案解説/2025_0928/2025_0928_Q05_財務_財務レバレッジ_ROE_複合_解答.txt,2025-0928-財務会計-Q05
2025,928,Q06,財務会計,2025_0928_Q06_財務_ROE_ROA_レバレッジ_EBIT_問題,https://drive.google.com/open?id=1F9Qu6AH0wK9VGiu3boYvC_Ms-ib64L9a&usp=drive_fs,https://drive.google.com/open?id=1XFaz-xCxji2ZdRNWB4pYxBGTlpN8fgWu&usp=drive_fs,問題,ChatGPT問題,/Users/odaakihisa/Library/CloudStorage/GoogleDrive-radioheadsyrup16g@gmail.com/マイドライブ/診断士試験/一次試験/問題・演習/chat gpt作成問題/財務会計/問題/2025_0928/2025_0928_Q06_財務_ROE_ROA_レバレッジ_EBIT_問題.txt,/Users/odaakihisa/Library/CloudStorage/GoogleDrive-radioheadsyrup16g@gmail.com/マイドライブ/診断士試験/一次試験/問題・演習/chat gpt作成問題/財務会計/答案解説/2025_0928/2025_0928_Q06_財務_ROE_ROA_レバレッジ_EBIT_解答_統合版.txt,2025-0928-財務会計-Q06
2025,928,Q07,財務会計,2025_0928_Q07_財務_CF間接法_問題,https://drive.google.com/open?id=1MFfdnzildomicqoPASoL4QRpk2vvDOeE&usp=drive_fs,https://drive.google.com/open?id=1Zo_LhBwyBMPb7Q-oVwZa_ZOzz8Mwvkqt&usp=drive_fs,問題,ChatGPT問題,/Users/odaakihisa/Library/CloudStorage/GoogleDrive-radioheadsyrup16g@gmail.com/マイドライブ/診断士試験/一次試験/問題・演習/chat gpt作成問題/財務会計/問題/2025_0928/2025_0928_Q07_財務_CF間接法_問題.txt,/Users/odaakihisa/Library/CloudStorage/GoogleDrive-radioheadsyrup16g@gmail.com/マイドライブ/診断士試験/一次試験/問題・演習/chat gpt作成問題/財務会計/答案解説/2025_0928/2025_0928_Q07_財務_CF間接法_解答_丁寧版.txt,2025-0928-財務会計-Q07
2025,928,Q08,財務会計,2025_0928_Q08_財務_EPS希薄化_PER_問題_ノーヒント版,https://drive.google.com/open?id=1kxMlSp17q4kJmBC_c0keISBvKvUXXoHn&usp=drive_fs,https://drive.google.com/open?id=1Q7ZbOrWSxElpX0fU750cV8NqVKFoaDMr&usp=drive_fs,問題,ChatGPT問題,/Users/odaakihisa/Library/CloudStorage/GoogleDrive-radioheadsyrup16g@gmail.com/マイドライブ/診断士試験/一次試験/問題・演習/chat gpt作成問題/財務会計/問題/2025_0928/2025_0928_Q08_財務_EPS希薄化_PER_問題_ノーヒント版.txt,/Users/odaakihisa/Library/CloudStorage/GoogleDrive-radioheadsyrup16g@gmail.com/マイドライブ/診断士試験/一次試験/問題・演習/chat gpt作成問題/財務会計/答案解説/2025_0928/2025_0928_Q08_財務_EPS希薄化_PER_解答_丁寧版.txt,2025-0928-財務会計-Q08
2025,930,Q01,財務会計,2025-0930_Q01_財務_税効果会計_複合_問題,https://drive.google.com/open?id=1RyCUZJic8uGA40Zzg6zWIztSPlvX9ZaB&usp=drive_fs,https://drive.google.com/open?id=11PbJYojvxWggkZs_RmjngGygiTdJSSQy&usp=drive_fs,問題,ChatGPT問題,/Users/odaakihisa/Library/CloudStorage/GoogleDrive-radioheadsyrup16g@gmail.com/マイドライブ/診断士試験/一次試験/問題・演習/chat gpt作成問題/財務会計/問題/2025_0930/2025-0930_Q01_財務_税効果会計_複合_問題.txt,/Users/odaakihisa/Library/CloudStorage/GoogleDrive-radioheadsyrup16g@gmail.com/マイドライブ/診断士試験/一次試験/問題・演習/chat gpt作成問題/財務会計/答案解説/2025_0930/2025-0930_Q01_財務_税効果会計_複合_解答.txt,2025-0930-財務会計-Q01
2025,930,Q02,財務会計,2025-0930_Q02_財務_税効果会計_複合_問題,https://drive.google.com/open?id=1c2-VR9q1J2oDNDEEIbSwA37Jboy2wxdR&usp=drive_fs,https://drive.google.com/open?id=1ahiBRa0VgRe4s9GKnf-kbHAIIvxoLia_&usp=drive_fs,問題,ChatGPT問題,/Users/odaakihisa/Library/CloudStorage/GoogleDrive-radioheadsyrup16g@gmail.com/マイドライブ/診断士試験/一次試験/問題・演習/chat gpt作成問題/財務会計/問題/2025_0930/2025-0930_Q02_財務_税効果会計_複合_問題.txt,/Users/odaakihisa/Library/CloudStorage/GoogleDrive-radioheadsyrup16g@gmail.com/マイドライブ/診断士試験/一次試験/問題・演習/chat gpt作成問題/財務会計/答案解説/2025_0930/2025-0930_Q02_財務_税効果会計_複合_解答.txt,2025-0930-財務会計-Q02
2025,930,Q03,財務会計,2025-0930_Q03_財務_CF投資活動_複合_問題,https://drive.google.com/open?id=1XZzwG9aHDtoLWe5STCUM9_4EmS9M4a2z&usp=drive_fs,https://drive.google.com/open?id=12qTi8ndT-_wLQ5NO8A7iIDZkDQwbdmJF&usp=drive_fs,問題,ChatGPT問題,/Users/odaakihisa/Library/CloudStorage/GoogleDrive-radioheadsyrup16g@gmail.com/マイドライブ/診断士試験/一次試験/問題・演習/chat gpt作成問題/財務会計/問題/2025_0930/2025-0930_Q03_財務_CF投資活動_複合_問題.txt,/Users/odaakihisa/Library/CloudStorage/GoogleDrive-radioheadsyrup16g@gmail.com/マイドライブ/診断士試験/一次試験/問題・演習/chat gpt作成問題/財務会計/答案解説/2025_0930/2025-0930_Q03_財務_CF投資活動_複合_解答.txt,2025-0930-財務会計-Q03
2025,930,Q04,財務会計,2025-0930_Q04_財務_CF投資活動_複合_問題,https://drive.google.com/open?id=1zoXBJNFZR-vc1trDdebXCcqGKHE5w9Dg&usp=drive_fs,https://drive.google.com/open?id=1d1h0tW489lKn3lvOamGhScI8TiQG-Ih1&usp=drive_fs,問題,ChatGPT問題,/Users/odaakihisa/Library/CloudStorage/GoogleDrive-radioheadsyrup16g@gmail.com/マイドライブ/診断士試験/一次試験/問題・演習/chat gpt作成問題/財務会計/問題/2025_0930/2025-0930_Q04_財務_CF投資活動_複合_問題.txt,/Users/odaakihisa/Library/CloudStorage/GoogleDrive-radioheadsyrup16g@gmail.com/マイドライブ/診断士試験/一次試験/問題・演習/chat gpt作成問題/財務会計/答案解説/2025_0930/2025-0930_Q04_財務_CF投資活動_複合_解答.txt,2025-0930-財務会計-Q04
2025,930,Q05,財務会計,2025-0930_Q05_財務_社債評価_税効果_問題_選択肢修正版,https://drive.google.com/open?id=1JfGg6RvZSWrSu8kTRXwz3d42-WybklkI&usp=drive_fs,https://drive.google.com/open?id=1tiVUGoQL7dX2ptXqfrLDQwWAqd8KeN5k&usp=drive_fs,問題,ChatGPT問題,/Users/odaakihisa/Library/CloudStorage/GoogleDrive-radioheadsyrup16g@gmail.com/マイドライブ/診断士試験/一次試験/問題・演習/chat gpt作成問題/財務会計/問題/2025_0930/2025-0930_Q05_財務_社債評価_税効果_問題_選択肢修正版.txt,/Users/odaakihisa/Library/CloudStorage/GoogleDrive-radioheadsyrup16g@gmail.com/マイドライブ/診断士試験/一次試験/問題・演習/chat gpt作成問題/財務会計/答案解説/2025_0930/2025-0930_Q05_財務_社債評価_税効果_解答_丁寧版.txt,2025-0930-財務会計-Q05
2025,1005,Q01,財務会計,2025_1005_Q01_財務_原価計算_税効果_複合_問題,https://drive.google.com/open?id=1YpP2aIKQyBeejqulQHyU0ud20vNaYGR1&usp=drive_fs,https://drive.google.com/open?id=11xv2abpL7pOff8b9q9dD8sk6p9RhpC5L&usp=drive_fs,問題,ChatGPT問題,/Users/odaakihisa/Library/CloudStorage/GoogleDrive-radioheadsyrup16g@gmail.com/マイドライブ/診断士試験/一次試験/問題・演習/chat gpt作成問題/財務会計/問題/2025_1005/2025_1005_Q01_財務_原価計算_税効果_複合_問題.txt,/Users/odaakihisa/Library/CloudStorage/GoogleDrive-radioheadsyrup16g@gmail.com/マイドライブ/診断士試験/一次試験/問題・演習/chat gpt作成問題/財務会計/答案解説/2025_1005/2025_1005_Q01_財務_原価計算_税効果_複合_解答.txt,2025-1005-財務会計-Q01
2025,1005,Q02,財務会計,2025_1005_Q02_財務_原価計算_税効果_複合_問題,https://drive.google.com/open?id=1iIbjvM97a_faz2YqBp_TVfQcrZaeaQCT&usp=drive_fs,https://drive.google.com/open?id=1fglzD11hWpOw3-o9DcyddOKR18qdes6I&usp=drive_fs,問題,ChatGPT問題,/Users/odaakihisa/Library/CloudStorage/GoogleDrive-radioheadsyrup16g@gmail.com/マイドライブ/診断士試験/一次試験/問題・演習/chat gpt作成問題/財務会計/問題/2025_1005/2025_1005_Q02_財務_原価計算_税効果_複合_問題.txt,/Users/odaakihisa/Library/CloudStorage/GoogleDrive-radioheadsyrup16g@gmail.com/マイドライブ/診断士試験/一次試験/問題・演習/chat gpt作成問題/財務会計/答案解説/2025_1005/2025_1005_Q02_財務_原価計算_税効果_複合_解答.txt,2025-1005-財務会計-Q02
2025,1005,Q03,財務会計,2025_1005_Q03_財務_原価計算_税効果_複合_問題,https://drive.google.com/open?id=1mkHZFSO2ay4tdMJbWgoY0jdTi7LJ8Tq6&usp=drive_fs,https://drive.google.com/open?id=1SXhd5gaTyMdPgauPhjsMMEbGpy0FGXiS&usp=drive_fs,問題,ChatGPT問題,/Users/odaakihisa/Library/CloudStorage/GoogleDrive-radioheadsyrup16g@gmail.com/マイドライブ/診断士試験/一次試験/問題・演習/chat gpt作成問題/財務会計/問題/2025_1005/2025_1005_Q03_財務_原価計算_税効果_複合_問題.txt,/Users/odaakihisa/Library/CloudStorage/GoogleDrive-radioheadsyrup16g@gmail.com/マイドライブ/診断士試験/一次試験/問題・演習/chat gpt作成問題/財務会計/答案解説/2025_1005/2025_1005_Q03_財務_原価計算_税効果_複合_解答.txt,2025-1005-財務会計-Q03
2025,1005,Q04,財務会計,2025_1005_Q04_財務_原価計算_税効果_複合_問題,https://drive.google.com/open?id=1ZLur1SkvIk4cDf0Ku6NWjqE9Sgb91jpl&usp=drive_fs,https://drive.google.com/open?id=1faZMk2c8EZ0HBby9rL3V1nryT3i-99TP&usp=drive_fs,問題,ChatGPT問題,/Users/odaakihisa/Library/CloudStorage/GoogleDrive-radioheadsyrup16g@gmail.com/マイドライブ/診断士試験/一次試験/問題・演習/chat gpt作成問題/財務会計/問題/2025_1005/2025_1005_Q04_財務_原価計算_税効果_複合_問題.txt,/Users/odaakihisa/Library/CloudStorage/GoogleDrive-radioheadsyrup16g@gmail.com/マイドライブ/診断士試験/一次試験/問題・演習/chat gpt作成問題/財務会計/答案解説/2025_1005/2025_1005_Q04_財務_原価計算_税効果_複合_解答.txt,2025-1005-財務会計-Q04
2025,1006,Q01,財務会計,2025_1006_Q01_財務_原価計算_税効果_複合_問題,https://drive.google.com/open?id=1iM5Bbbo294sR_KaFvBZx5aMG6E-AgTh1&usp=drive_fs,https://drive.google.com/open?id=1Sqdk2buRqZcy9mNXAOE1NEeV1XRYcU9r&usp=drive_fs,問題,ChatGPT問題,/Users/odaakihisa/Library/CloudStorage/GoogleDrive-radioheadsyrup16g@gmail.com/マイドライブ/診断士試験/一次試験/問題・演習/chat gpt作成問題/財務会計/問題/2025_1006/2025_1006_Q01_財務_原価計算_税効果_複合_問題.txt,/Users/odaakihisa/Library/CloudStorage/GoogleDrive-radioheadsyrup16g@gmail.com/マイドライブ/診断士試験/一次試験/問題・演習/chat gpt作成問題/財務会計/答案解説/2025_1006/2025_1006_Q01_財務_原価計算_税効果_複合_解答.txt,2025-1006-財務会計-Q01
2025,1006,Q02,財務会計,2025_1006_Q02_財務_原価計算_税効果_複合_問題,https://drive.google.com/open?id=1FUOI3xi9Zni8D6pTdnvNU6sd_pMnCiE9&usp=drive_fs,https://drive.google.com/open?id=1TF3U8xOp74jLrhYC7l19YBMX2GddrQcS&usp=drive_fs,問題,ChatGPT問題,/Users/odaakihisa/Library/CloudStorage/GoogleDrive-radioheadsyrup16g@gmail.com/マイドライブ/診断士試験/一次試験/問題・演習/chat gpt作成問題/財務会計/問題/2025_1006/2025_1006_Q02_財務_原価計算_税効果_複合_問題.txt,/Users/odaakihisa/Library/CloudStorage/GoogleDrive-radioheadsyrup16g@gmail.com/マイドライブ/診断士試験/一次試験/問題・演習/chat gpt作成問題/財務会計/答案解説/2025_1006/2025_1006_Q02_財務_原価計算_税効果_複合_解答.txt,2025-1006-財務会計-Q02
2025,1006,Q03,財務会計,2025_1006_Q03_財務_連結会計_税効果_複合_問題,https://drive.google.com/open?id=1kXghB6GxmVAHQklmGPjyNiTsxpBMfGD5&usp=drive_fs,https://drive.google.com/open?id=1WsddGP9EFdSaDLkN_t_P_zcp4Ueeqv2y&usp=drive_fs,問題,ChatGPT問題,/Users/odaakihisa/Library/CloudStorage/GoogleDrive-radioheadsyrup16g@gmail.com/マイドライブ/診断士試験/一次試験/問題・演習/chat gpt作成問題/財務会計/問題/2025_1006/2025_1006_Q03_財務_連結会計_税効果_複合_問題.txt,/Users/odaakihisa/Library/CloudStorage/GoogleDrive-radioheadsyrup16g@gmail.com/マイドライブ/診断士試験/一次試験/問題・演習/chat gpt作成問題/財務会計/答案解説/2025_1006/2025_1006_Q03_財務_連結会計_税効果_複合_解答.txt,2025-1006-財務会計-Q03
2025,1006,Q04,財務会計,2025_1006_Q04_財務_連結会計_税効果_複合_問題,https://drive.google.com/open?id=1tF_YjJFyp0dkGcy0qs_aDjdc2zRHYzWb&usp=drive_fs,https://drive.google.com/open?id=1I9rGVMHaXXUaQKU-8nO-BnAGqmamzSH9&usp=drive_fs,問題,ChatGPT問題,/Users/odaakihisa/Library/CloudStorage/GoogleDrive-radioheadsyrup16g@gmail.com/マイドライブ/診断士試験/一次試験/問題・演習/chat gpt作成問題/財務会計/問題/2025_1006/2025_1006_Q04_財務_連結会計_税効果_複合_問題.txt,/Users/odaakihisa/Library/CloudStorage/GoogleDrive-radioheadsyrup16g@gmail.com/マイドライブ/診断士試験/一次試験/問題・演習/chat gpt作成問題/財務会計/答案解説/2025_1006/2025_1006_Q04_財務_連結会計_税効果_複合_解答.txt,2025-1006-財務会計-Q04
2025,1006,Q05,財務会計,2025_1006_Q05_財務_連結会計_税効果_複合_問題,https://drive.google.com/open?id=1zmtwrrTdyZomKmbc7GojQ3xhE4cZArv1&usp=drive_fs,https://drive.google.com/open?id=1MG0knopVn00x2zOfZWQjAqj3r5yfhW98&usp=drive_fs,問題,ChatGPT問題,/Users/odaakihisa/Library/CloudStorage/GoogleDrive-radioheadsyrup16g@gmail.com/マイドライブ/診断士試験/一次試験/問題・演習/chat gpt作成問題/財務会計/問題/2025_1006/2025_1006_Q05_財務_連結会計_税効果_複合_問題.txt,/Users/odaakihisa/Library/CloudStorage/GoogleDrive-radioheadsyrup16g@gmail.com/マイドライブ/診断士試験/一次試験/問題・演習/chat gpt作成問題/財務会計/答案解説/2025_1006/2025_1006_Q05_財務_連結会計_税効果_複合_解答.txt,2025-1006-財務会計-Q05
2025,1006,Q06,財務会計,2025_1006_Q06_財務_リース会計_税効果_複合_問題,https://drive.google.com/open?id=1YnulcEHCbKLBgBX3vi8g3nO9qxBXoUf5&usp=drive_fs,https://drive.google.com/open?id=1wBYVgLz7fI5UuAYAa2jsLkCD0_LOty1b&usp=drive_fs,問題,ChatGPT問題,/Users/odaakihisa/Library/CloudStorage/GoogleDrive-radioheadsyrup16g@gmail.com/マイドライブ/診断士試験/一次試験/問題・演習/chat gpt作成問題/財務会計/問題/2025_1006/2025_1006_Q06_財務_リース会計_税効果_複合_問題.txt,/Users/odaakihisa/Library/CloudStorage/GoogleDrive-radioheadsyrup16g@gmail.com/マイドライブ/診断士試験/一次試験/問題・演習/chat gpt作成問題/財務会計/答案解説/2025_1006/2025_1006_Q06_財務_リース会計_税効果_複合_解答.txt,2025-1006-財務会計-Q06
2025,1006,Q07,財務会計,2025_1006_Q07_財務_リース会計_税効果_複合_問題,https://drive.google.com/open?id=1hipAFBXfPUh24rha-UgMAJMR37Hhn-Rh&usp=drive_fs,https://drive.google.com/open?id=10DQWuWpDMaC6M3aAmUyFNPK7-xKnL-lc&usp=drive_fs,問題,ChatGPT問題,/Users/odaakihisa/Library/CloudStorage/GoogleDrive-radioheadsyrup16g@gmail.com/マイドライブ/診断士試験/一次試験/問題・演習/chat gpt作成問題/財務会計/問題/2025_1006/2025_1006_Q07_財務_リース会計_税効果_複合_問題.txt,/Users/odaakihisa/Library/CloudStorage/GoogleDrive-radioheadsyrup16g@gmail.com/マイドライブ/診断士試験/一次試験/問題・演習/chat gpt作成問題/財務会計/答案解説/2025_1006/2025_1006_Q07_財務_リース会計_税効果_複合_解答.txt,2025-1006-財務会計-Q07
2025,1006,Q08,財務会計,2025_1006_Q08_財務_有価証券評価_税効果_複合_問題_修正版,https://drive.google.com/open?id=1vdfp69i1f68Xw4S3KVoCNHzGfdNoFADN&usp=drive_fs,https://drive.google.com/open?id=16hnaLsnz6l2ykwHWdGry0qpyCqw4hHhr&usp=drive_fs,問題,ChatGPT問題,/Users/odaakihisa/Library/CloudStorage/GoogleDrive-radioheadsyrup16g@gmail.com/マイドライブ/診断士試験/一次試験/問題・演習/chat gpt作成問題/財務会計/問題/2025_1006/2025_1006_Q08_財務_有価証券評価_税効果_複合_問題_修正版.txt,/Users/odaakihisa/Library/CloudStorage/GoogleDrive-radioheadsyrup16g@gmail.com/マイドライブ/診断士試験/一次試験/問題・演習/chat gpt作成問題/財務会計/答案解説/2025_1006/2025_1006_Q08_財務_有価証券評価_税効果_複合_解答.txt,2025-1006-財務会計-Q08
2025,1006,Q09,財務会計,2025_1006_Q09_財務_資本コスト_配当政策_複合_問題,https://drive.google.com/open?id=1CbsRu8fReuQn02Ox8oyiQsdBbrb5M3xh&usp=drive_fs,https://drive.google.com/open?id=1VMTU4LTdyDA11nXP4lEsQzj-wYX_N0Pv&usp=drive_fs,問題,ChatGPT問題,/Users/odaakihisa/Library/CloudStorage/GoogleDrive-radioheadsyrup16g@gmail.com/マイドライブ/診断士試験/一次試験/問題・演習/chat gpt作成問題/財務会計/問題/2025_1006/2025_1006_Q09_財務_資本コスト_配当政策_複合_問題.txt,/Users/odaakihisa/Library/CloudStorage/GoogleDrive-radioheadsyrup16g@gmail.com/マイドライブ/診断士試験/一次試験/問題・演習/chat gpt作成問題/財務会計/答案解説/2025_1006/2025_1006_Q09_財務_資本コスト_配当政策_複合_解答.txt,2025-1006-財務会計-Q09
2025,1007,Q01,財務会計,2025_1007_Q01_財務_資本コスト×配当政策_複合_問題,https://drive.google.com/open?id=157kCQcuhgfJrXIjYWYJEElWo2utLKtYD&usp=drive_fs,https://drive.google.com/open?id=1T08vrn4fqzTl4PK8tibz0AGKvBcKoYPX&usp=drive_fs,問題,ChatGPT問題,/Users/odaakihisa/Library/CloudStorage/GoogleDrive-radioheadsyrup16g@gmail.com/マイドライブ/診断士試験/一次試験/問題・演習/chat gpt作成問題/財務会計/問題/2025_1007/2025_1007_Q01_財務_資本コスト×配当政策_複合_問題.txt,/Users/odaakihisa/Library/CloudStorage/GoogleDrive-radioheadsyrup16g@gmail.com/マイドライブ/診断士試験/一次試験/問題・演習/chat gpt作成問題/財務会計/答案解説/2025_1007/2025_1007_Q01_財務_資本コスト×配当政策_複合_解答_丁寧版.txt,2025-1007-財務会計-Q01
2025,1012,Q01,財務会計,2025_1012_Q01_財務_キャッシュフロー×投資活動_FCF_問題,https://drive.google.com/open?id=1N--7Na-6Ge9mdFzuH5kfnYrIx5N8UrMD&usp=drive_fs,https://drive.google.com/open?id=1ZU4WK2dCp8T-S015Z_SoIPScoTALYc48&usp=drive_fs,問題,ChatGPT問題,/Users/odaakihisa/Library/CloudStorage/GoogleDrive-radioheadsyrup16g@gmail.com/マイドライブ/診断士試験/一次試験/問題・演習/chat gpt作成問題/財務会計/問題/2025_1012/2025_1012_Q01_財務_キャッシュフロー×投資活動_FCF_問題.txt,/Users/odaakihisa/Library/CloudStorage/GoogleDrive-radioheadsyrup16g@gmail.com/マイドライブ/診断士試験/一次試験/問題・演習/chat gpt作成問題/財務会計/答案解説/2025_1012/2025_1012_Q01_財務_キャッシュフロー×投資活動_FCF_解答_丁寧版.txt,2025-1012-財務会計-Q01
2025,1012,Q02,財務会計,2025_1012_Q02_財務_キャッシュフロー×投資活動_FCF_問題,https://drive.google.com/open?id=1k0k5EY3Yor8MLAGwk0qE-uXfbJ-ca5nK&usp=drive_fs,https://drive.google.com/open?id=1W2tzfxnZmKhhNb1PY4qHZJtDeTZOP7Mo&usp=drive_fs,問題,ChatGPT問題,/Users/odaakihisa/Library/CloudStorage/GoogleDrive-radioheadsyrup16g@gmail.com/マイドライブ/診断士試験/一次試験/問題・演習/chat gpt作成問題/財務会計/問題/2025_1012/2025_1012_Q02_財務_キャッシュフロー×投資活動_FCF_問題.txt,/Users/odaakihisa/Library/CloudStorage/GoogleDrive-radioheadsyrup16g@gmail.com/マイドライブ/診断士試験/一次試験/問題・演習/chat gpt作成問題/財務会計/答案解説/2025_1012/2025_1012_Q02_財務_キャッシュフロー×投資活動_FCF_解答_丁寧版.txt,2025-1012-財務会計-Q02
2025,1012,Q03,財務会計,2025_1012_Q03_財務_キャッシュフロー×投資活動_FCF_問題,https://drive.google.com/open?id=1pPUPFo9isLY4jkrqTUNto17p_jt5JlRU&usp=drive_fs,https://drive.google.com/open?id=1zkSdgq_6B2RwAYTFI1QH-uC_cWrxsG-K&usp=drive_fs,問題,ChatGPT問題,/Users/odaakihisa/Library/CloudStorage/GoogleDrive-radioheadsyrup16g@gmail.com/マイドライブ/診断士試験/一次試験/問題・演習/chat gpt作成問題/財務会計/問題/2025_1012/2025_1012_Q03_財務_キャッシュフロー×投資活動_FCF_問題.txt,/Users/odaakihisa/Library/CloudStorage/GoogleDrive-radioheadsyrup16g@gmail.com/マイドライブ/診断士試験/一次試験/問題・演習/chat gpt作成問題/財務会計/答案解説/2025_1012/2025_1012_Q03_財務_キャッシュフロー×投資活動_FCF_解答_丁寧版.txt,2025-1012-財務会計-Q03
2025,1012,Q04,財務会計,2025_1012_Q04_財務_キャッシュフロー×投資活動_FCF_問題,https://drive.google.com/open?id=1F9yTH8DR2zCk4FwPTN_xi4cHZlkrQlv-&usp=drive_fs,https://drive.google.com/open?id=1bGFm_dDZWvOJHmb4a9IYSFqwlpdXgzA_&usp=drive_fs,問題,ChatGPT問題,/Users/odaakihisa/Library/CloudStorage/GoogleDrive-radioheadsyrup16g@gmail.com/マイドライブ/診断士試験/一次試験/問題・演習/chat gpt作成問題/財務会計/問題/2025_1012/2025_1012_Q04_財務_キャッシュフロー×投資活動_FCF_問題.txt,/Users/odaakihisa/Library/CloudStorage/GoogleDrive-radioheadsyrup16g@gmail.com/マイドライブ/診断士試験/一次試験/問題・演習/chat gpt作成問題/財務会計/答案解説/2025_1012/2025_1012_Q04_財務_キャッシュフロー×投資活動_FCF_解答_丁寧版.txt,2025-1012-財務会計-Q04
2025,1012,Q05,財務会計,2025_1012_Q05_財務_キャッシュフロー×投資活動_FCF_問題,https://drive.google.com/open?id=1CUF8blYYdl7W_KS0kQ-MsPQIQGSTV1s5&usp=drive_fs,https://drive.google.com/open?id=1te3cXZRPg9A1dNw35Kj5Ue3EALFWw7Ub&usp=drive_fs,問題,ChatGPT問題,/Users/odaakihisa/Library/CloudStorage/GoogleDrive-radioheadsyrup16g@gmail.com/マイドライブ/診断士試験/一次試験/問題・演習/chat gpt作成問題/財務会計/問題/2025_1012/2025_1012_Q05_財務_キャッシュフロー×投資活動_FCF_問題.txt,/Users/odaakihisa/Library/CloudStorage/GoogleDrive-radioheadsyrup16g@gmail.com/マイドライブ/診断士試験/一次試験/問題・演習/chat gpt作成問題/財務会計/答案解説/2025_1012/2025_1012_Q05_財務_キャッシュフロー×投資活動_FCF_解答_丁寧版.txt,2025-1012-財務会計-Q05
2025,1013,Q01,財務会計,2025_1013_Q01_財務_キャッシュフロー×投資活動_FCF_問題,https://drive.google.com/open?id=1qXjc636vql-IA7c06L4-WQiOuJH9V0bH&usp=drive_fs,https://drive.google.com/open?id=1AYGqeyw5ittJ8fvgrMOHN_JQfQfuUlMU&usp=drive_fs,問題,ChatGPT問題,/Users/odaakihisa/Library/CloudStorage/GoogleDrive-radioheadsyrup16g@gmail.com/マイドライブ/診断士試験/一次試験/問題・演習/chat gpt作成問題/財務会計/問題/2025_1013/2025_1013_Q01_財務_キャッシュフロー×投資活動_FCF_問題.txt,/Users/odaakihisa/Library/CloudStorage/GoogleDrive-radioheadsyrup16g@gmail.com/マイドライブ/診断士試験/一次試験/問題・演習/chat gpt作成問題/財務会計/答案解説/2025_1013/2025_1013_Q01_財務_キャッシュフロー×投資活動_FCF_解答_丁寧版.txt,2025-1013-財務会計-Q01
2025,1013,Q02,財務会計,2025_1013_Q02_財務_キャッシュフロー×投資活動_FCF_問題,https://drive.google.com/open?id=12z7q7ognnr9hf6oKHz2L1meGScN6joe1&usp=drive_fs,https://drive.google.com/open?id=1PX1-jqsUdTePzd3Huln7MLqVCA6K4-0E&usp=drive_fs,問題,ChatGPT問題,/Users/odaakihisa/Library/CloudStorage/GoogleDrive-radioheadsyrup16g@gmail.com/マイドライブ/診断士試験/一次試験/問題・演習/chat gpt作成問題/財務会計/問題/2025_1013/2025_1013_Q02_財務_キャッシュフロー×投資活動_FCF_問題.txt,/Users/odaakihisa/Library/CloudStorage/GoogleDrive-radioheadsyrup16g@gmail.com/マイドライブ/診断士試験/一次試験/問題・演習/chat gpt作成問題/財務会計/答案解説/2025_1013/2025_1013_Q02_財務_キャッシュフロー×投資活動_FCF_解答_丁寧版.txt,2025-1013-財務会計-Q02
2025,1013,Q03,財務会計,2025_1013_Q03_財務_キャッシュフロー×投資活動_FCF_問題,https://drive.google.com/open?id=1MNfhd6oMCLyZxYD8X6KR0vj07ISU_Zmj&usp=drive_fs,https://drive.google.com/open?id=17aXzV9TM0fpitJK89NX990vwwe1rxHsc&usp=drive_fs,問題,ChatGPT問題,/Users/odaakihisa/Library/CloudStorage/GoogleDrive-radioheadsyrup16g@gmail.com/マイドライブ/診断士試験/一次試験/問題・演習/chat gpt作成問題/財務会計/問題/2025_1013/2025_1013_Q03_財務_キャッシュフロー×投資活動_FCF_問題.txt,/Users/odaakihisa/Library/CloudStorage/GoogleDrive-radioheadsyrup16g@gmail.com/マイドライブ/診断士試験/一次試験/問題・演習/chat gpt作成問題/財務会計/答案解説/2025_1013/2025_1013_Q03_財務_キャッシュフロー×投資活動_FCF_解答_丁寧版.txt,2025-1013-財務会計-Q03
2025,1013,Q04,財務会計,2025_1013_Q04_財務_キャッシュフロー×投資活動_FCF_問題,https://drive.google.com/open?id=1Mb7qlvIwfxh5xYM3FmUiCHeYYeDeXUYx&usp=drive_fs,https://drive.google.com/open?id=184LBeTE8ey4GuimDs_N18gilcWKhwD9L&usp=drive_fs,問題,ChatGPT問題,/Users/odaakihisa/Library/CloudStorage/GoogleDrive-radioheadsyrup16g@gmail.com/マイドライブ/診断士試験/一次試験/問題・演習/chat gpt作成問題/財務会計/問題/2025_1013/2025_1013_Q04_財務_キャッシュフロー×投資活動_FCF_問題.txt,/Users/odaakihisa/Library/CloudStorage/GoogleDrive-radioheadsyrup16g@gmail.com/マイドライブ/診断士試験/一次試験/問題・演習/chat gpt作成問題/財務会計/答案解説/2025_1013/2025_1013_Q04_財務_キャッシュフロー×投資活動_FCF_解答_丁寧版.txt,2025-1013-財務会計-Q04
2025,1013,Q05,財務会計,2025_1013_Q05_財務_フリーキャッシュフロー×NPV×WACC_複合_問題,https://drive.google.com/open?id=1QmwuEWWGbOATMojgo8QdQ4o0eSPTmdOe&usp=drive_fs,https://drive.google.com/open?id=1ahfXDAU_qhbQK_Dy0ZGl_k4YczYpAPDn&usp=drive_fs,問題,ChatGPT問題,/Users/odaakihisa/Library/CloudStorage/GoogleDrive-radioheadsyrup16g@gmail.com/マイドライブ/診断士試験/一次試験/問題・演習/chat gpt作成問題/財務会計/問題/2025_1013/2025_1013_Q05_財務_フリーキャッシュフロー×NPV×WACC_複合_問題.txt,/Users/odaakihisa/Library/CloudStorage/GoogleDrive-radioheadsyrup16g@gmail.com/マイドライブ/診断士試験/一次試験/問題・演習/chat gpt作成問題/財務会計/答案解説/2025_1013/2025_1013_Q05_財務_フリーキャッシュフロー×NPV×WACC_複合_解答_丁寧版.txt,2025-1013-財務会計-Q05
2025,1013,Q06,財務会計,2025_1013_Q06_財務_フリーキャッシュフロー×NPV×WACC_複合_問題,https://drive.google.com/open?id=1eSb6eRkBRASx0g-4weU3knC5aIBJQeKC&usp=drive_fs,https://drive.google.com/open?id=19qvVsgPQ-gHYhs4425uBL3Mce8YcVzk2&usp=drive_fs,問題,ChatGPT問題,/Users/odaakihisa/Library/CloudStorage/GoogleDrive-radioheadsyrup16g@gmail.com/マイドライブ/診断士試験/一次試験/問題・演習/chat gpt作成問題/財務会計/問題/2025_1013/2025_1013_Q06_財務_フリーキャッシュフロー×NPV×WACC_複合_問題.txt,/Users/odaakihisa/Library/CloudStorage/GoogleDrive-radioheadsyrup16g@gmail.com/マイドライブ/診断士試験/一次試験/問題・演習/chat gpt作成問題/財務会計/答案解説/2025_1013/2025_1013_Q06_財務_フリーキャッシュフロー×NPV×WACC_複合_解答_丁寧版.txt,2025-1013-財務会計-Q06
2025,1013,Q07,財務会計,2025_1013_Q07_財務_フリーキャッシュフロー×EBITDA_複合_問題,https://drive.google.com/open?id=1Jg27AFxV7R9yQ_r4nVXc4tWSSelTP6EC&usp=drive_fs,https://drive.google.com/open?id=1S395wZjhWBYHwqV8JdhzOvU0KEhVxxf8&usp=drive_fs,問題,ChatGPT問題,/Users/odaakihisa/Library/CloudStorage/GoogleDrive-radioheadsyrup16g@gmail.com/マイドライブ/診断士試験/一次試験/問題・演習/chat gpt作成問題/財務会計/問題/2025_1013/2025_1013_Q07_財務_フリーキャッシュフロー×EBITDA_複合_問題.txt,/Users/odaakihisa/Library/CloudStorage/GoogleDrive-radioheadsyrup16g@gmail.com/マイドライブ/診断士試験/一次試験/問題・演習/chat gpt作成問題/財務会計/答案解説/2025_1013/2025_1013_Q07_財務_フリーキャッシュフロー×EBITDA_複合_解答_丁寧版.txt,2025-1013-財務会計-Q07
2025,1013,Q08,財務会計,2025_1013_Q08_財務_EBITDA×FCF×WACC×NPV_複合_問題,https://drive.google.com/open?id=1B-_RTQimSmVM3UvuttrD0L_Q-NW7BJDj&usp=drive_fs,https://drive.google.com/open?id=1QhVeE2Fzh4MEjGthEZoS6T-3MHHO-VqI&usp=drive_fs,問題,ChatGPT問題,/Users/odaakihisa/Library/CloudStorage/GoogleDrive-radioheadsyrup16g@gmail.com/マイドライブ/診断士試験/一次試験/問題・演習/chat gpt作成問題/財務会計/問題/2025_1013/2025_1013_Q08_財務_EBITDA×FCF×WACC×NPV_複合_問題.txt,/Users/odaakihisa/Library/CloudStorage/GoogleDrive-radioheadsyrup16g@gmail.com/マイドライブ/診断士試験/一次試験/問題・演習/chat gpt作成問題/財務会計/答案解説/2025_1013/2025_1013_Q08_財務_EBITDA×FCF×WACC×NPV_複合_解答_丁寧版.txt,2025-1013-財務会計-Q08
2025,1013,Q09,財務会計,2025_1013_Q09_財務_EBITDA×FCF×WACC×NPV_複合_問題,https://drive.google.com/open?id=1LRwnl77Fsgcx-LA5IWMGEvXuDwQ9NIKq&usp=drive_fs,https://drive.google.com/open?id=17TXI4NDr8aC77voxOirncFZoppKzpeR6&usp=drive_fs,問題,ChatGPT問題,/Users/odaakihisa/Library/CloudStorage/GoogleDrive-radioheadsyrup16g@gmail.com/マイドライブ/診断士試験/一次試験/問題・演習/chat gpt作成問題/財務会計/問題/2025_1013/2025_1013_Q09_財務_EBITDA×FCF×WACC×NPV_複合_問題.txt,/Users/odaakihisa/Library/CloudStorage/GoogleDrive-radioheadsyrup16g@gmail.com/マイドライブ/診断士試験/一次試験/問題・演習/chat gpt作成問題/財務会計/答案解説/2025_1013/2025_1013_Q09_財務_EBITDA×FCF×WACC×NPV_複合_解答_丁寧版_修正版.txt,2025-1013-財務会計-Q09
2025,1013,Q10,財務会計,2025_1013_Q10_財務_CAPM×WACC×EBITDA×FCF×NPV_複合_問題,https://drive.google.com/open?id=1jcBoTiFNbxLztTzLatyNGG_qX4dcJ5vy&usp=drive_fs,https://drive.google.com/open?id=1EKgfvSgsMOtWyXJr2m3eCswWCee5fOc-&usp=drive_fs,問題,ChatGPT問題,/Users/odaakihisa/Library/CloudStorage/GoogleDrive-radioheadsyrup16g@gmail.com/マイドライブ/診断士試験/一次試験/問題・演習/chat gpt作成問題/財務会計/問題/2025_1013/2025_1013_Q10_財務_CAPM×WACC×EBITDA×FCF×NPV_複合_問題.txt,/Users/odaakihisa/Library/CloudStorage/GoogleDrive-radioheadsyrup16g@gmail.com/マイドライブ/診断士試験/一次試験/問題・演習/chat gpt作成問題/財務会計/答案解説/2025_1013/2025_1013_Q10_財務_CAPM×WACC×EBITDA×FCF×NPV_複合_解答_丁寧版.txt,2025-1013-財務会計-Q10
2025,1019,Q01,財務会計,2025_1019_Q01_財務_税効果×投資評価×償却_複合_問題_選択肢修正版,https://drive.google.com/open?id=1hVNDxCMMmqwiTt6tNIxrgEhJhVVIOvnq&usp=drive_fs,https://drive.google.com/open?id=186DnNg14r0Jp4LYiIzoB7DrARWdWh_xW&usp=drive_fs,問題,ChatGPT問題,/Users/odaakihisa/Library/CloudStorage/GoogleDrive-radioheadsyrup16g@gmail.com/マイドライブ/診断士試験/一次試験/問題・演習/chat gpt作成問題/財務会計/問題/2025_1019/2025_1019_Q01_財務_税効果×投資評価×償却_複合_問題_選択肢修正版.txt,/Users/odaakihisa/Library/CloudStorage/GoogleDrive-radioheadsyrup16g@gmail.com/マイドライブ/診断士試験/一次試験/問題・演習/chat gpt作成問題/財務会計/答案解説/2025_1019/2025_1019_Q01_財務_税効果×投資評価×償却_複合_解答_丁寧版_選択肢修正版.txt,2025-1019-財務会計-Q01
2025,1019,Q02,財務会計,2025_1019_Q02_財務_CAPM×WACC×NPV_複合_問題,https://drive.google.com/open?id=1gFhd2698jZ9ofn_D1w8J1HjtthX5AO41&usp=drive_fs,https://drive.google.com/open?id=1SyecQ-S69SE3nWNjv28p7s_yRsLmG3Ak&usp=drive_fs,問題,ChatGPT問題,/Users/odaakihisa/Library/CloudStorage/GoogleDrive-radioheadsyrup16g@gmail.com/マイドライブ/診断士試験/一次試験/問題・演習/chat gpt作成問題/財務会計/問題/2025_1019/2025_1019_Q02_財務_CAPM×WACC×NPV_複合_問題.txt,/Users/odaakihisa/Library/CloudStorage/GoogleDrive-radioheadsyrup16g@gmail.com/マイドライブ/診断士試験/一次試験/問題・演習/chat gpt作成問題/財務会計/答案解説/2025_1019/2025_1019_Q02_財務_CAPM×WACC×NPV_複合_解答_丁寧版.txt,2025-1019-財務会計-Q02
2025,1020,Q01,財務会計,2025_1020_Q01_財務_企業価値評価×WACC×FCFF_複合_問題_最終版,https://drive.google.com/open?id=1CssMcjo4S5IYVJ9EqA0ZLpaGGnB9Tcj9&usp=drive_fs,https://drive.google.com/open?id=1SBy_MY__v-c_JwT9SV7bNuQARR5uXl92&usp=drive_fs,問題,ChatGPT問題,/Users/odaakihisa/Library/CloudStorage/GoogleDrive-radioheadsyrup16g@gmail.com/マイドライブ/診断士試験/一次試験/問題・演習/chat gpt作成問題/財務会計/問題/2025_1020/2025_1020_Q01_財務_企業価値評価×WACC×FCFF_複合_問題_最終版.txt,/Users/odaakihisa/Library/CloudStorage/GoogleDrive-radioheadsyrup16g@gmail.com/マイドライブ/診断士試験/一次試験/問題・演習/chat gpt作成問題/財務会計/答案解説/2025_1020/2025_1020_Q01_財務_企業価値評価×WACC×FCFF_複合_解答_最終版.txt,2025-1020-財務会計-Q01
2025,1020,Q02,財務会計,2025_1020_Q02_財務_WACC×FCFF×NPV_応用_複合_問題,https://drive.google.com/open?id=1Ky7IdQ7KYOhXe_5L931XlEZCDJZei2wn&usp=drive_fs,https://drive.google.com/open?id=16LDDvbAdO2iXDeVSZAvUVNgjRJn9vIxu&usp=drive_fs,問題,ChatGPT問題,/Users/odaakihisa/Library/CloudStorage/GoogleDrive-radioheadsyrup16g@gmail.com/マイドライブ/診断士試験/一次試験/問題・演習/chat gpt作成問題/財務会計/問題/2025_1020/2025_1020_Q02_財務_WACC×FCFF×NPV_応用_複合_問題.txt,/Users/odaakihisa/Library/CloudStorage/GoogleDrive-radioheadsyrup16g@gmail.com/マイドライブ/診断士試験/一次試験/問題・演習/chat gpt作成問題/財務会計/答案解説/2025_1020/2025_1020_Q02_財務_WACC×FCFF×NPV_応用_複合_解答_丁寧版.txt,2025-1020-財務会計-Q02
2025,1026,Q01,財務会計,2025_1026_Q01_財務_連結×税効果×非支配持分_複合_問題.txt,https://drive.google.com/file/d/1AAiegOSLNoyhKRquTuB-zUoPUduGIL3q/view?usp=drivesdk,https://drive.google.com/file/d/1u_CX-aUyrZycmbtcLmOhm87ANICDNTtf/view?usp=drivesdk,問題,ChatGPT問題,/home/runner/work/notion-pipeline/notion-pipeline/.drive_cache/財務会計/問題/2025_1026/2025_1026_Q01_財務_連結×税効果×非支配持分_複合_問題.txt.txt,/home/runner/work/notion-pipeline/notion-pipeline/.drive_cache/財務会計/答案解説/2025_1026/2025_1026_Q01_財務_連結×税効果×非支配持分_複合_解答_丁寧版.txt.txt,2025-1026-財務会計-Q01
2025,1026,Q02,財務会計,2025_1026_Q02_財務_NPV×税効果×減価償却_複合_問題.txt,https://drive.google.com/file/d/1CHIJUaEi-L7xZs4IA-7Weyrpmi6Y4dJ5/view?usp=drivesdk,https://drive.google.com/file/d/14Yw6blTakFBkDphJom_H5Elh-Wk3PdDq/view?usp=drivesdk,問題,ChatGPT問題,/home/runner/work/notion-pipeline/notion-pipeline/.drive_cache/財務会計/問題/2025_1026/2025_1026_Q02_財務_NPV×税効果×減価償却_複合_問題.txt.txt,/home/runner/work/notion-pipeline/notion-pipeline/.drive_cache/財務会計/答案解説/2025_1026/2025_1026_Q02_財務_NPV×税効果×減価償却_複合_解答_丁寧版.txt.txt,2025-1026-財務会計-Q02
2025,1026,Q03,財務会計,2025_1026_Q03_財務_ROIC×WACC×EVA_複合_問題.txt,https://drive.google.com/file/d/1GN7SQET58Reqeolhbdelzq2QmX7ighqr/view?usp=drivesdk,https://drive.google.com/file/d/1T6WESncG04gU-T2Vnfzvd4I5obE-PH4b/view?usp=drivesdk,問題,ChatGPT問題,/home/runner/work/notion-pipeline/notion-pipeline/.drive_cache/財務会計/問題/2025_1026/2025_1026_Q03_財務_ROIC×WACC×EVA_複合_問題.txt.txt,/home/runner/work/notion-pipeline/notion-pipeline/.drive_cache/財務会計/答案解説/2025_1026/2025_1026_Q03_財務_ROIC×WACC×EVA_複合_解答_丁寧版.txt.txt,2025-1026-財務会計-Q03
2025,1026,Q04,財務会計,2025_1026_Q04_財務_ROIC算定×WACC×EVA_複合_問題.txt,https://drive.google.com/file/d/1CaEUzxUfSNpQkKt5smCIVNSoMFzbvJj2/view?usp=drivesdk,https://drive.google.com/file/d/1Pye7ig225HEDKqgLd5jT7iHWJenINsFH/view?usp=drivesdk,問題,ChatGPT問題,/home/runner/work/notion-pipeline/notion-pipeline/.drive_cache/財務会計/問題/2025_1026/2025_1026_Q04_財務_ROIC算定×WACC×EVA_複合_問題.txt.txt,/home/runner/work/notion-pipeline/notion-pipeline/.drive_cache/財務会計/答案解説/2025_1026/2025_1026_Q04_財務_ROIC算定×WACC×EVA_複合_解答_丁寧版.txt.txt,2025-1026-財務会計-Q04
2025,1027,Q01,財務会計,2025_1027_Q01_財務_EAA×NPV×WACC_複合_問題,https://drive.google.com/file/d/1IKOxkN-EG__ndK6ui7enBMoXkFxrPzzQ/view?usp=drivesdk,https://drive.google.com/file/d/1getgoGkai1aq1uBlRmQDCA89e0jsjw3o/view?usp=drivesdk,問題,ChatGPT問題,/home/runner/work/notion-pipeline/notion-pipeline/.drive_cache/財務会計/問題/2025_1027/2025_1027_Q01_財務_EAA×NPV×WACC_複合_問題.txt,/home/runner/work/notion-pipeline/notion-pipeline/.drive_cache/財務会計/答案解説/2025_1027/2025_1027_Q01_財務_EAA×NPV×WACC_複合_解答.txt,2025-1027-財務会計-Q01
2025,1027,Q02,財務会計,2025_1027_Q02_財務_IRR×WACC×税効果_複合_問題,https://drive.google.com/file/d/1tyFg1m9OjdFZBcXrYegrHDl6Il1PtnVS/view?usp=drivesdk,https://drive.google.com/file/d/1-COdUizixAE9DbfHRujiTDNWD2WouREA/view?usp=drivesdk,問題,ChatGPT問題,/home/runner/work/notion-pipeline/notion-pipeline/.drive_cache/財務会計/問題/2025_1027/2025_1027_Q02_財務_IRR×WACC×税効果_複合_問題.txt,/home/runner/work/notion-pipeline/notion-pipeline/.drive_cache/財務会計/答案解説/2025_1027/2025_1027_Q02_財務_IRR×WACC×税効果_複合_解答.txt,2025-1027-財務会計-Q02
2025,1027,Q03,財務会計,2025_1027_Q03_財務_減価償却×税効果×NPV_複合_問題,https://drive.google.com/file/d/1pUQw55TRxFaqyhFFZrWT0nAvcc5VTcyQ/view?usp=drivesdk,https://drive.google.com/file/d/1O1ADFQ2KFJTm9cuzUXm5O_03KMwVE2A-/view?usp=drivesdk,問題,ChatGPT問題,/home/runner/work/notion-pipeline/notion-pipeline/.drive_cache/財務会計/問題/2025_1027/2025_1027_Q03_財務_減価償却×税効果×NPV_複合_問題.txt,/home/runner/work/notion-pipeline/notion-pipeline/.drive_cache/財務会計/答案解説/2025_1027/2025_1027_Q03_財務_減価償却×税効果×NPV_複合_解答.txt,2025-1027-財務会計-Q03
2025,1027,Q04,財務会計,2025_1027_Q04_財務_税効果×減価償却×NPV_複合_問題,https://drive.google.com/file/d/1__RLchD-z8dx288eOMrNB_JSO5kDd8Kh/view?usp=drivesdk,https://drive.google.com/file/d/1eSyYkdBVi8gsZiyq6IKHHZjIm0Q6_c0c/view?usp=drivesdk,問題,ChatGPT問題,/home/runner/work/notion-pipeline/notion-pipeline/.drive_cache/財務会計/問題/2025_1027/2025_1027_Q04_財務_税効果×減価償却×NPV_複合_問題.txt,/home/runner/work/notion-pipeline/notion-pipeline/.drive_cache/財務会計/答案解説/2025_1027/2025_1027_Q04_財務_税効果×減価償却×NPV_複合_解答.txt,2025-1027-財務会計-Q04
2025,1028,Q01,財務会計,2025_1028_Q01_財務_デュポンシステム×ROE×財務レバレッジ_複合_問題,https://drive.google.com/file/d/1J5Z2zNXxFz1Qfy0DaF8a-FJAOLcc-Qxh/view?usp=drivesdk,https://drive.google.com/file/d/1CFqx0YTG0n1vgsoFVKbtn0IkwFi5ovXF/view?usp=drivesdk,問題,ChatGPT問題,/home/runner/work/notion-pipeline/notion-pipeline/.drive_cache/財務会計/問題/2025_1028/2025_1028_Q01_財務_デュポンシステム×ROE×財務レバレッジ_複合_問題.txt,/home/runner/work/notion-pipeline/notion-pipeline/.drive_cache/財務会計/答案解説/2025_1028/2025_1028_Q01_財務_デュポンシステム×ROE×財務レバレッジ_複合_解答.txt,2025-1028-財務会計-Q01
2025,1103,Q01,財務会計,2025_1103_Q01_財務_CCC×運転資本×FCF_複合_問題,https://drive.google.com/file/d/1BEaDbeJPI-0aEhtfQyBayfAPgQfHpktp/view?usp=drivesdk,https://drive.google.com/file/d/1NyB3CDhXmQGvYYvE-eZquYDXfRdUyRk1/view?usp=drivesdk,問題,ChatGPT問題,/home/runner/work/notion-pipeline/notion-pipeline/.drive_cache/財務会計/問題/2025_1103/2025_1103_Q01_財務_CCC×運転資本×FCF_複合_問題.txt,/home/runner/work/notion-pipeline/notion-pipeline/.drive_cache/財務会計/答案解説/2025_1103/2025_1103_Q01_財務_CCC×運転資本×FCF_複合_解答.txt,2025-1103-財務会計-Q01
2025,1103,Q02,財務会計,2025_1103_Q02_財務_IRR×NPV×投資判断_複合_問題,https://drive.google.com/file/d/1-PuybVb-1IbranuNj8BP_gj-bQZE6a1-/view?usp=drivesdk,https://drive.google.com/file/d/1t7J680bpF2ZYau9EPesRXlRAX_wQmgv4/view?usp=drivesdk,問題,ChatGPT問題,/home/runner/work/notion-pipeline/notion-pipeline/.drive_cache/財務会計/問題/2025_1103/2025_1103_Q02_財務_IRR×NPV×投資判断_複合_問題.txt,/home/runner/work/notion-pipeline/notion-pipeline/.drive_cache/財務会計/答案解説/2025_1103/2025_1103_Q02_財務_IRR×NPV×投資判断_複合_解答.txt,2025-1103-財務会計-Q02
2025,1103,Q03,財務会計,2025_1103_Q03_財務_EV→Equity×株価×FCFF_複合_問題,https://drive.google.com/file/d/1vPa9VXyqyL6tEDAXIHrtl5JQtyUbcQ8j/view?usp=drivesdk,https://drive.google.com/file/d/1zvGPqMB1oF_uwFYIxwXM61aY6BXreoqy/view?usp=drivesdk,問題,ChatGPT問題,/home/runner/work/notion-pipeline/notion-pipeline/.drive_cache/財務会計/問題/2025_1103/2025_1103_Q03_財務_EV→Equity×株価×FCFF_複合_問題.txt,/home/runner/work/notion-pipeline/notion-pipeline/.drive_cache/財務会計/答案解説/2025_1103/2025_1103_Q03_財務_EV→Equity×株価×FCFF_複合_解答.txt,2025-1103-財務会計-Q03
2025,1103,Q04,財務会計,2025_1103_Q04_財務_FCFE×DDM×自己資本コスト_複合_問題,https://drive.google.com/file/d/1rhQzrVSGdQlYk1XnGR2ZcVWM2wBy2VkU/view?usp=drivesdk,https://drive.google.com/file/d/1acbD13RLprus7cj5kBCcfKTip_bljH2w/view?usp=drivesdk,問題,ChatGPT問題,/home/runner/work/notion-pipeline/notion-pipeline/.drive_cache/財務会計/問題/2025_1103/2025_1103_Q04_財務_FCFE×DDM×自己資本コスト_複合_問題.txt,/home/runner/work/notion-pipeline/notion-pipeline/.drive_cache/財務会計/答案解説/2025_1103/2025_1103_Q04_財務_FCFE×DDM×自己資本コスト_複合_解答.txt,2025-1103-財務会計-Q04
2025,1103,Q05,財務会計,2025_1103_Q05_財務_減価償却×税効果×NPV_複合_問題,https://drive.google.com/file/d/1x4iy40C9h06I1VvSsRUxGdaI3ZlVMf2g/view?usp=drivesdk,https://drive.google.com/file/d/10CWYoX80okTTVLS13hwWgnlhb_bHAjvL/view?usp=drivesdk,問題,ChatGPT問題,/home/runner/work/notion-pipeline/notion-pipeline/.drive_cache/財務会計/問題/2025_1103/2025_1103_Q05_財務_減価償却×税効果×NPV_複合_問題.txt,/home/runner/work/notion-pipeline/notion-pipeline/.drive_cache/財務会計/答案解説/2025_1103/2025_1103_Q05_財務_減価償却×税効果×NPV_複合_解答.txt,2025-1103-財務会計-Q05
2025,1103,Q06,財務会計,2025_1103_Q06_財務_リースvs購入×税効果×NPV_複合_問題,https://drive.google.com/file/d/1aWAAtsAo4gHmtnvQGHlQ6rp3tAU8wkG3/view?usp=drivesdk,https://drive.google.com/file/d/1i0ow45p_CEV9HwEyOzyUrn6CNIYzFqJj/view?usp=drivesdk,問題,ChatGPT問題,/home/runner/work/notion-pipeline/notion-pipeline/.drive_cache/財務会計/問題/2025_1103/2025_1103_Q06_財務_リースvs購入×税効果×NPV_複合_問題.txt,/home/runner/work/notion-pipeline/notion-pipeline/.drive_cache/財務会計/答案解説/2025_1103/2025_1103_Q06_財務_リースvs購入×税効果×NPV_複合_解答_丁寧版.txt,2025-1103-財務会計-Q06
2025,1110,Q01,財務会計,2025_1110_Q01_財務_デュポン×ROE×レバレッジ_問題,https://drive.google.com/file/d/1TXtHGXEfJdNA-T9cLRwZw5w0XauqoiTd/view?usp=drivesdk,https://drive.google.com/file/d/1icBwQlfVyLH9O50qB_Bazow50qwTfMv7/view?usp=drivesdk,問題,ChatGPT問題,/home/runner/work/notion-pipeline/notion-pipeline/.drive_cache/財務会計/問題/2025_1110/2025_1110_Q01_財務_デュポン×ROE×レバレッジ_問題.txt,/home/runner/work/notion-pipeline/notion-pipeline/.drive_cache/財務会計/答案解説/2025_1110/2025_1110_Q01_財務_デュポン×ROE×レバレッジ_解答.txt,2025-1110-財務会計-Q01
2025,1110,Q02,財務会計,2025_1110_Q02_財務_CCC×運転資本×FCF_複合_問,https://drive.google.com/file/d/1kCMoKMWHsUchb-fszs5PWPbq6KZU_xQx/view?usp=drivesdk,https://drive.google.com/file/d/1fzzwwu07L84iIckRbTqlFoKQ9VIFujg_/view?usp=drivesdk,問題,ChatGPT問題,/home/runner/work/notion-pipeline/notion-pipeline/.drive_cache/財務会計/問題/2025_1110/2025_1110_Q02_財務_CCC×運転資本×FCF_複合_問.txt,/home/runner/work/notion-pipeline/notion-pipeline/.drive_cache/財務会計/答案解説/2025_1110/2025_1110_Q02_財務_CCC×運転資本×FCF_複合_解答.txt,2025-1110-財務会計-Q02
2025,1110,Q03,財務会計,2025_1110_Q03_財務_WACC×負債比率×資本構成_複合_問題,https://drive.google.com/file/d/1AB5PYyupQgiohp-GoqUQr8ZZBJfQV56K/view?usp=drivesdk,https://drive.google.com/file/d/1Ep1PoGk3ExfBRGehYqpGM4gGhCQ-d0nR/view?usp=drivesdk,問題,ChatGPT問題,/home/runner/work/notion-pipeline/notion-pipeline/.drive_cache/財務会計/問題/2025_1110/2025_1110_Q03_財務_WACC×負債比率×資本構成_複合_問題.txt,/home/runner/work/notion-pipeline/notion-pipeline/.drive_cache/財務会計/答案解説/2025_1110/2025_1110_Q03_財務_WACC×負債比率×資本構成_複合_解答.txt,2025-1110-財務会計-Q03
2025,1110,Q04,財務会計,2025_1110_Q04_財務_リース×税効果×NPV_複合_問題,https://drive.google.com/file/d/1KiL0fgFK44Z01NplMDRrH1eWg2x7PCtC/view?usp=drivesdk,https://drive.google.com/file/d/1ACTu-M5LQDHdGacxrQpYNYhSW7sW3tpJ/view?usp=drivesdk,問題,ChatGPT問題,/home/runner/work/notion-pipeline/notion-pipeline/.drive_cache/財務会計/問題/2025_1110/2025_1110_Q04_財務_リース×税効果×NPV_複合_問題.txt,/home/runner/work/notion-pipeline/notion-pipeline/.drive_cache/財務会計/答案解説/2025_1110/2025_1110_Q04_財務_リース×税効果×NPV_複合_解答.txt,2025-1110-財務会計-Q04
2025,1116,Q01,財務会計,2025_1116_Q01_財務_棚卸資産×原価差異×売上原価_複合_問題.txt,https://drive.google.com/file/d/1JN8116RUuozttmIMGYgRhba22vltgoqm/view?usp=drivesdk,https://drive.google.com/file/d/1DKs0vxC2ACrV3F23tAXzIidVvfkLA11m/view?usp=drivesdk,問題,ChatGPT問題,/home/runner/work/notion-pipeline/notion-pipeline/.drive_cache/財務会計/問題/2025_1116/2025_1116_Q01_財務_棚卸資産×原価差異×売上原価_複合_問題.txt.txt,/home/runner/work/notion-pipeline/notion-pipeline/.drive_cache/財務会計/答案解説/2025_1116/2025_1116_Q01_財務_棚卸資産×原価差異×売上原価_複合_解答.txt.txt,2025-1116-財務会計-Q01
2025,1117,Q01,財務会計,2025_1117_Q01_財務_デュポン×ROE×財務レバレッジ_複合_問題,https://drive.google.com/file/d/1z0xiuk8CykJNYAFSRhYNUrD4Yu6ZCDwf/view?usp=drivesdk,https://drive.google.com/file/d/1dKqhlE18yjXaOWohakCWpGlg5x6p_nNd/view?usp=drivesdk,問題,ChatGPT問題,/home/runner/work/notion-pipeline/notion-pipeline/.drive_cache/財務会計/問題/2025_1117/2025_1117_Q01_財務_デュポン×ROE×財務レバレッジ_複合_問題.txt,/home/runner/work/notion-pipeline/notion-pipeline/.drive_cache/財務会計/答案解説/2025_1117/2025_1117_Q01_財務_デュポン×ROE×財務レバレッジ_複合_解答.txt,2025-1117-財務会計-Q01
2025,1117,Q02,財務会計,2025_1117_Q02_財務_CVP×安全余裕率×営業利益_複合_問題,https://drive.google.com/file/d/1IN3nLNL0jzXF01y9lMWhdr4pxhPzRurR/view?usp=drivesdk,https://drive.google.com/file/d/1vbZqf5cYST_hp9DeoO9HkMIprEH0maT2/view?usp=drivesdk,問題,ChatGPT問題,/home/runner/work/notion-pipeline/notion-pipeline/.drive_cache/財務会計/問題/2025_1117/2025_1117_Q02_財務_CVP×安全余裕率×営業利益_複合_問題.txt,/home/runner/work/notion-pipeline/notion-pipeline/.drive_cache/財務会計/答案解説/2025_1117/2025_1117_Q02_財務_CVP×安全余裕率×営業利益_複合_解答.txt,2025-1117-財務会計-Q02
2025,1117,Q03,財務会計,2025_1117_Q03_財務_配当性向×自己資本成長率×ROE_複合_問題,https://drive.google.com/file/d/1WXHSSfN87JjaweHDtYCU8RZL_EWHtSSJ/view?usp=drivesdk,https://drive.google.com/file/d/1Cf6rKEOwnfLafqkAywFsKeO2CZNcifcF/view?usp=drivesdk,問題,ChatGPT問題,/home/runner/work/notion-pipeline/notion-pipeline/.drive_cache/財務会計/問題/2025_1117/2025_1117_Q03_財務_配当性向×自己資本成長率×ROE_複合_問題.txt,/home/runner/work/notion-pipeline/notion-pipeline/.drive_cache/財務会計/答案解説/2025_1117/2025_1117_Q03_財務_配当性向×自己資本成長率×ROE_複合_解答.txt,2025-1117-財務会計-Q03
2025,1117,Q04,財務会計,2025_1117_Q04_財務_ROA×財務レバレッジ×ROE_複合_問題,https://drive.google.com/file/d/1NmXsbNjQx4vLMaWMLFkf55styarhKup5/view?usp=drivesdk,https://drive.google.com/file/d/1KVxL_G31k9pxjXxBiVcPQd9BxFSG3F0Y/view?usp=drivesdk,問題,ChatGPT問題,/home/runner/work/notion-pipeline/notion-pipeline/.drive_cache/財務会計/問題/2025_1117/2025_1117_Q04_財務_ROA×財務レバレッジ×ROE_複合_問題.txt,/home/runner/work/notion-pipeline/notion-pipeline/.drive_cache/財務会計/答案解説/2025_1117/2025_1117_Q04_財務_ROA×財務レバレッジ×ROE_複合_解答.txt,2025-1117-財務会計-Q04
